date,stock_id,Trading_Volume,Trading_money,open,max,min,close,spread,Trading_turnover
2018-01-02,2317,28602316,2717808150,95.4,95.7,94.3,95.0,-0.2,13347
2018-01-03,2317,58507086,5524486037,95.0,95.3,94.0,94.0,-1.0,24224
2018-01-04,2317,53756400,4991911000,93.6,93.9,92.5,92.6,-1.4,27277
2018-01-05,2317,59252732,5464513791,92.3,93.0,91.6,93.0,0.4,24457
2018-01-08,2317,50081699,4603246988,92.3,92.6,91.7,91.8,-1.2,27073
2018-01-09,2317,37896431,3486758152,92.5,92.6,91.8,91.8,0.0,15686
2018-01-10,2317,56026125,5095360964,91.2,91.5,90.6,90.8,-1.0,27107
2018-01-11,2317,66709480,6098320187,91.2,92.5,90.9,91.4,0.6,27221
2018-01-12,2317,48985693,4502608788,91.6,92.4,91.5,91.8,0.4,20294
2018-01-15,2317,42031735,3907221469,92.7,93.3,92.4,93.3,1.5,17154
2018-01-16,2317,40639740,3794403900,93.6,93.7,93.0,93.4,0.1,16850
2018-01-17,2317,37263455,3468798922,92.8,93.5,92.6,93.4,0.0,17251
2018-01-18,2317,56382825,5319182705,94.1,94.8,93.8,93.8,0.4,24836
2018-01-19,2317,101433926,9732794022,94.0,96.9,94.0,96.9,3.1,48573
2018-01-22,2317,61170194,5923959151,97.2,97.4,96.1,96.6,-0.3,27450
2018-01-23,2317,50229901,4827590551,96.0,96.9,95.5,96.9,0.3,21943
2018-01-24,2317,42324664,4066850522,96.8,96.8,95.8,95.9,-1.0,18752
2018-01-25,2317,56900448,5450068563,95.2,96.5,95.2,95.4,-0.5,20393
2018-01-26,2317,45822009,4377351726,95.2,96.1,95.0,95.4,0.0,17664
2018-01-29,2317,46205080,4384712966,95.4,95.7,94.5,94.7,-0.7,17826
2018-01-30,2317,38358773,3607754561,94.2,94.9,93.6,93.6,-1.1,16613
2018-01-31,2317,56868154,5261949172,92.1,93.0,92.1,92.2,-1.4,25346
2018-02-01,2317,40795169,3825133269,92.6,94.8,92.6,93.5,1.3,18327
2018-02-02,2317,47972940,4542738388,93.8,95.4,93.7,95.2,1.7,21046
2018-02-05,2317,61248936,5692109488,92.5,93.5,92.5,92.8,-2.4,23317
2018-02-06,2317,143785639,12905089773,90.6,91.2,88.1,89.2,-3.6,70723
2018-02-07,2317,72117501,6523943797,91.3,91.3,90.0,90.0,0.8,28842
2018-02-08,2317,40492147,3623003430,90.0,90.4,89.0,89.0,-1.0,19770
2018-02-09,2317,67539890,5875929519,86.1,88.0,86.1,87.5,-1.5,34053
2018-02-12,2317,63847761,5609624325,87.7,88.6,87.6,87.6,0.1,28595
2018-02-21,2317,61995455,5482551405,88.2,89.0,88.2,88.2,0.6,23961
2018-02-22,2317,45588322,4004702580,87.8,88.4,87.6,87.9,-0.3,19113
2018-02-23,2317,53746088,4772559540,88.1,89.7,88.1,88.9,1.0,15390
2018-02-26,2317,41008502,3657402773,89.0,89.8,88.8,88.8,-0.1,14047
2018-02-27,2317,41590606,3692299392,89.5,89.7,88.1,88.1,-0.7,14413
2018-03-01,2317,42073991,3698227165,87.8,88.3,87.5,87.9,-0.2,16467
2018-03-02,2317,28180553,2461227316,87.2,87.8,87.0,87.8,-0.1,13846
2018-03-05,2317,31341174,2738562304,87.7,88.1,87.0,87.0,-0.8,15273
2018-03-06,2317,35392520,3124639407,88.3,88.8,87.8,88.2,1.2,14546
2018-03-07,2317,44181640,3940688349,88.6,90.1,88.3,88.5,0.3,21638
2018-03-08,2317,33448190,2990943927,89.4,89.9,88.6,89.4,0.9,14864
2018-03-09,2317,87372802,8001130684,91.0,92.3,90.3,91.9,2.5,38336
2018-03-12,2317,88739231,8336163178,93.9,94.5,93.2,94.3,2.4,35226
2018-03-13,2317,86118224,8235473275,95.0,96.5,94.8,95.2,0.9,35406
2018-03-14,2317,49836069,4670636869,94.1,94.4,93.3,93.3,-1.9,22895
2018-03-15,2317,41628707,3886535793,92.8,94.7,92.3,93.4,0.1,16211
2018-03-16,2317,71628333,6668268394,94.1,94.1,92.8,92.8,-0.6,17413
2018-03-19,2317,29752391,2763669263,92.6,93.5,92.4,92.9,0.1,11077
2018-03-20,2317,27906678,2584515023,92.7,92.9,92.4,92.6,-0.3,11074
2018-03-21,2317,28202714,2608174566,92.2,92.9,92.2,92.4,-0.2,11232
2018-03-22,2317,25353175,2354104044,93.0,93.4,92.4,92.8,0.4,9287
2018-03-23,2317,58645094,5331385445,91.0,91.6,90.4,90.4,-2.4,28472
2018-03-26,2317,32305086,2905271284,89.7,90.3,89.7,90.2,-0.2,15108
2018-03-27,2317,30083466,2740851377,91.0,91.5,90.7,91.2,1.0,11166
2018-03-28,2317,23082576,2088647728,90.9,90.9,90.1,90.1,-1.1,10705
2018-03-29,2317,30403437,2739496880,90.0,90.6,89.7,90.0,-0.1,12989
2018-03-30,2317,34489126,3160650158,90.9,92.3,90.9,91.4,1.4,14874
2018-03-31,2317,136508837,12140468093,90.1,90.5,88.0,88.5,-2.9,80522
2018-04-02,2317,54717977,4835468263,88.5,89.4,87.5,88.1,-0.4,28316
2018-04-03,2317,59828974,5215608752,87.1,87.5,86.9,87.2,-0.9,28728
2018-04-09,2317,57130701,4977483453,86.6,88.0,86.5,87.4,0.2,22915
2018-04-10,2317,35830562,3121816992,86.8,87.5,86.8,87.0,-0.4,16517
2018-04-11,2317,40026593,3516992083,87.7,88.9,87.3,87.3,0.3,18662
2018-04-12,2317,39294009,3419821772,87.1,87.5,86.8,86.8,-0.5,18312
2018-04-13,2317,26216377,2282486666,87.0,87.3,86.9,87.0,0.2,11908
2018-04-16,2317,25624781,2238279729,87.1,88.0,86.8,87.6,0.6,11878
2018-04-17,2317,42604364,3696248140,87.2,87.3,86.5,86.5,-1.1,21400
2018-04-18,2317,74089445,6329366825,86.6,87.0,84.8,84.8,-1.7,39722
2018-04-19,2317,69794542,5878505222,84.0,85.6,82.9,85.0,0.2,34019
2018-04-20,2317,31409315,2637811293,83.8,84.4,83.5,84.0,-1.0,16108
2018-04-23,2317,45407993,3778169892,83.6,83.9,83.0,83.0,-1.0,22082
2018-04-24,2317,71954115,5840550115,82.3,82.4,80.4,80.6,-2.4,36171
2018-04-25,2317,50379006,4033772174,79.9,80.6,79.5,80.4,-0.2,25573
2018-04-26,2317,38295547,3103084707,81.5,82.0,80.5,80.6,0.2,18802
2018-04-27,2317,27812644,2256543608,81.4,81.5,80.8,81.5,0.9,11933
2018-04-30,2317,29947188,2472563480,82.2,83.0,81.5,82.9,1.4,14061
2018-05-02,2317,37067440,3061708777,83.3,83.6,81.7,81.8,-1.1,15385
2018-05-03,2317,50884094,4091084793,80.3,80.8,80.1,80.1,-1.7,22674
2018-05-04,2317,25106884,2021661181,80.1,80.9,80.1,80.4,0.3,11211
2018-05-07,2317,26861389,2185074538,81.5,82.0,80.6,81.6,1.2,10779
2018-05-08,2317,28772741,2360714977,81.3,82.6,81.3,82.6,1.0,10786
2018-05-09,2317,31879336,2618012413,81.8,83.1,81.8,81.8,-0.8,13923
2018-05-10,2317,25511727,2106731741,82.3,83.0,82.1,82.9,1.1,9888
2018-05-11,2317,47533565,4011773225,84.1,85.0,83.6,85.0,2.1,21773
2018-05-14,2317,128444838,11415306682,90.4,90.4,87.7,89.0,4.0,57441
2018-05-15,2317,72738571,6340052428,89.0,89.0,86.0,86.0,-3.0,33289
2018-05-16,2317,55360314,4698013770,85.6,85.9,84.1,84.6,-1.4,24444
2018-05-17,2317,28341526,2405685630,84.8,85.6,84.2,84.2,-0.4,11902
2018-05-18,2317,23937515,2018466012,84.4,85.0,83.9,83.9,-0.3,10451
2018-05-21,2317,23998899,2039788315,84.4,85.5,84.4,85.0,1.1,10939
2018-05-22,2317,25590386,2160920330,85.1,85.4,84.0,84.0,-1.0,11123
2018-05-23,2317,20057024,1685766153,84.5,84.7,83.6,83.6,-0.4,8695
2018-05-24,2317,22938112,1927730551,83.5,84.4,83.5,84.1,0.5,8619
2018-05-25,2317,50653047,4349587642,84.5,87.0,84.3,86.5,2.4,22684
2018-05-28,2317,65484504,5793767906,88.2,88.9,87.8,88.8,2.3,29929
2018-05-29,2317,42302564,3728378098,88.9,89.0,87.5,87.6,-1.2,15469
2018-05-30,2317,39291912,3426672151,86.5,88.1,86.5,87.4,-0.2,15707
2018-05-31,2317,83601154,7225946419,87.4,88.0,85.7,85.7,-1.7,17536
2018-06-01,2317,21701048,1877229476,86.2,87.0,86.1,86.6,0.9,9366
2018-06-04,2317,35011435,3070032201,87.5,88.0,87.4,87.8,1.2,12044
2018-06-05,2317,32115417,2825673673,88.0,88.5,87.5,88.1,0.3,12232
2018-06-06,2317,46432108,4121446312,88.0,89.2,88.0,89.1,1.0,18661
2018-06-07,2317,90021834,8117164569,89.9,91.2,89.3,91.2,2.1,36960
2018-06-08,2317,100334529,8998037006,91.3,91.9,88.0,88.3,-2.9,39523
2018-06-11,2317,40059515,3511608470,88.1,88.4,87.1,87.4,-0.9,15490
2018-06-12,2317,45276716,3966911526,87.3,88.2,87.1,87.7,0.3,14070
2018-06-13,2317,28052487,2462466403,88.0,88.4,87.3,87.8,0.1,10128
2018-06-14,2317,63053102,5435297672,86.8,87.3,85.5,85.5,-2.3,28714
2018-06-15,2317,55144936,4679517838,84.8,85.2,84.5,85.0,-0.5,18047
2018-06-19,2317,66100691,5509852111,83.6,84.2,83.0,83.0,-2.0,29666
2018-06-20,2317,47643520,3931979024,82.3,83.4,81.8,83.0,0.0,19911
2018-06-21,2317,30789193,2553597039,83.0,83.5,82.7,82.7,-0.3,12525
2018-06-22,2317,33349299,2739176147,82.0,82.4,81.8,82.3,-0.4,14116
2018-06-25,2317,35870279,2935164491,82.1,82.2,81.5,81.5,-0.8,16314
2018-06-26,2317,41777199,3373263287,80.9,81.6,80.3,81.0,-0.5,19449
2018-06-27,2317,32923720,2670249405,81.1,81.5,80.9,80.9,-0.1,14529
2018-06-28,2317,28261700,2280230820,80.9,81.1,80.3,80.5,-0.4,12196
2018-06-29,2317,39735409,3266758929,81.1,83.2,81.0,83.2,2.7,16329
2018-07-02,2317,34168444,2801225646,83.3,83.3,81.0,81.0,-2.2,14831
2018-07-03,2317,23992573,1941693913,81.1,81.7,80.5,80.7,-0.3,11205
2018-07-04,2317,17452796,1417689247,80.8,81.6,80.8,81.6,0.9,6839
2018-07-05,2317,17474083,1419788710,81.7,81.8,81.0,81.2,-0.4,6781
2018-07-06,2317,39278906,3165975950,80.9,81.2,80.2,80.5,-0.7,13882
2018-07-09,2317,23838042,1934894382,81.4,81.6,80.7,80.8,0.3,8044
2018-07-10,2317,31352455,2529597690,81.2,81.3,80.3,80.5,-0.3,11414
2018-07-11,2317,37731076,3069033804,80.6,82.0,80.6,81.6,1.1,13630
2018-07-12,2317,26209664,2128826251,80.8,81.8,80.8,81.2,-0.4,8518
2018-07-13,2317,36224415,2981263603,81.7,82.9,81.7,82.9,1.7,13728
2018-07-16,2317,24798091,2060074853,83.0,83.4,82.8,82.8,-0.1,10146
2018-07-17,2317,23732878,1967617066,82.9,83.5,82.5,82.9,0.1,9329
2018-07-18,2317,46690209,3921547547,83.8,84.4,83.4,84.1,1.2,18817
2018-07-19,2317,38913244,3304596972,84.5,85.2,84.3,85.2,1.1,18253
2018-07-20,2317,38980756,3317339303,85.5,85.8,84.2,85.3,0.1,18147
2018-07-23,2317,35744652,3051215034,85.6,85.7,84.9,85.5,0.2,16113
2018-07-24,2317,64869538,5538047893,85.1,86.0,85.0,85.2,-0.3,23288
2018-07-25,2317,37942818,3142501721,82.8,83.2,82.4,82.7,0.0,15765
2018-07-26,2317,26804047,2217911757,82.5,83.5,82.2,83.5,0.8,12476
2018-07-27,2317,23752787,1978245859,83.3,83.7,83.0,83.2,-0.3,8695
2018-07-30,2317,37142208,3115512572,83.4,84.3,83.1,84.2,1.0,13057
2018-07-31,2317,25939040,2172008222,83.6,84.0,83.4,83.8,-0.4,9112
2018-08-01,2317,30518200,2563028560,83.9,84.3,83.5,84.1,0.3,9816
2018-08-02,2317,30535677,2554483656,84.5,84.5,82.6,82.8,-1.3,12008
2018-08-03,2317,23113163,1930053935,83.6,83.8,83.0,83.8,1.0,10151
2018-08-06,2317,23111196,1952682416,83.6,84.9,83.6,84.6,0.8,9553
2018-08-07,2317,31057339,2635379676,85.2,85.2,84.4,84.4,-0.2,11580
2018-08-08,2317,32682750,2774938551,85.0,85.1,84.4,85.0,0.6,12555
2018-08-09,2317,26007558,2220494242,85.6,85.6,85.0,85.2,0.2,11045
2018-08-10,2317,33324361,2857489450,85.4,86.0,85.3,85.9,0.7,14176
2018-08-13,2317,35247586,2978768364,85.9,86.0,83.5,83.8,-2.1,17044
2018-08-14,2317,74063113,6052300499,83.1,83.1,80.8,81.3,-2.5,33316
2018-08-15,2317,47184896,3807510462,81.0,81.5,80.3,81.1,-0.2,22096
2018-08-16,2317,26187636,2124582015,81.0,81.8,80.3,81.2,0.1,12030
2018-08-17,2317,23859139,1945395682,82.0,82.1,81.1,81.1,-0.1,8697
2018-08-20,2317,21233292,1723822723,81.1,81.6,81.0,81.0,-0.1,9120
2018-08-21,2317,21770474,1766062240,81.2,81.3,81.0,81.0,0.0,8477
2018-08-22,2317,17172617,1399072074,81.2,81.9,81.2,81.7,0.7,7857
2018-08-23,2317,21287074,1734125085,82.1,82.1,81.0,81.8,0.1,9352
2018-08-24,2317,21486869,1739721400,81.5,81.6,80.5,81.1,-0.7,9776
2018-08-27,2317,19918539,1612991811,81.1,81.3,80.8,81.0,-0.1,8684
2018-08-28,2317,23085678,1875100803,81.3,81.5,81.0,81.2,0.2,8671
2018-08-29,2317,21820117,1773227509,81.2,81.4,81.1,81.4,0.2,8145
2018-08-30,2317,26893060,2183760280,81.6,81.6,80.9,80.9,-0.5,10184
2018-08-31,2317,43337037,3488411600,80.7,80.8,80.3,80.5,-0.4,14089
2018-09-03,2317,24454766,1963318505,80.7,80.7,80.1,80.1,-0.4,11320
2018-09-04,2317,17486736,1402957618,80.2,80.5,80.1,80.1,0.0,7291
2018-09-05,2317,28331808,2272292062,80.5,80.5,80.1,80.1,0.0,8274
2018-09-06,2317,44505565,3533952933,80.0,80.1,79.1,79.3,-0.8,19769
2018-09-07,2317,66871228,5219532566,79.1,79.1,77.5,77.7,-1.6,33653
2018-09-10,2317,86398522,6529307947,77.4,77.5,74.8,75.1,-2.6,37768
2018-09-11,2317,50323730,3862305230,75.4,77.7,75.4,77.7,2.6,19968
2018-09-12,2317,43943268,3398573056,78.0,78.3,76.6,77.0,-0.7,15310
2018-09-13,2317,36880996,2810232167,77.0,77.0,75.8,76.0,-1.0,15776
2018-09-14,2317,33519896,2596809922,76.7,78.0,76.7,77.9,1.9,13608
2018-09-17,2317,15468567,1202724926,78.0,78.0,77.5,77.8,-0.1,6309
2018-09-18,2317,34636912,2644862329,77.1,77.2,75.8,75.8,-2.0,15729
2018-09-19,2317,30577641,2329728500,76.2,76.5,75.8,76.4,0.6,11990
2018-09-20,2317,26602524,2013268919,76.2,76.3,75.2,75.6,-0.8,11220
2018-09-21,2317,53479279,4041692097,75.8,76.2,75.1,75.8,0.2,14660
2018-09-25,2317,20826641,1580166880,75.5,76.3,75.2,76.1,0.3,9364
2018-09-26,2317,32305972,2500468333,76.8,77.9,76.5,77.3,1.2,13653
2018-09-27,2317,30732370,2400029461,77.5,78.7,77.3,78.7,1.4,14489
2018-09-28,2317,38218400,3017084198,78.9,79.5,78.1,79.2,0.5,14128
2018-10-01,2317,27677022,2213853060,79.9,80.4,79.6,79.9,0.7,12848
2018-10-02,2317,39883714,3144463376,80.3,80.4,78.1,78.1,-1.8,15971
2018-10-03,2317,29803905,2315818630,78.1,78.2,77.6,77.8,-0.3,6859
2018-10-04,2317,30305034,2322411767,77.7,77.8,76.2,76.2,-1.6,15126
2018-10-05,2317,33643388,2548528188,76.2,76.5,75.2,75.6,-0.6,15199
2018-10-08,2317,19798390,1496082274,75.4,76.1,75.3,75.5,-0.1,9651
2018-10-09,2317,21977940,1662200828,75.7,76.0,75.3,75.3,-0.2,9751
2018-10-11,2317,108003464,7625976678,72.2,72.3,70.0,70.1,-5.2,46731
2018-10-12,2317,52966494,3748639182,70.0,72.0,69.7,71.9,1.8,21325
2018-10-15,2317,41594483,2940268543,71.2,71.2,70.2,70.5,-1.4,18490
2018-10-16,2317,55483183,3891573947,70.1,70.5,70.0,70.4,-0.1,28189
2018-10-17,2317,89222440,6194723900,70.7,71.0,68.1,68.1,-2.3,34412
2018-10-26,2317,94812656,7361023903,79.8,79.8,75.5,76.2,0.0,45357
2018-10-29,2317,38484156,2951213295,78.2,78.2,75.5,75.5,-0.7,18229
2018-10-30,2317,25361205,1926689281,75.5,76.5,75.3,76.4,0.9,12188
2018-10-31,2317,38572406,3025383578,78.1,78.8,77.7,78.8,2.4,16847
2018-11-01,2317,27825014,2210830961,79.0,80.0,78.7,79.9,1.1,14064
2018-11-02,2317,36586756,2936829536,79.7,81.6,78.7,81.0,1.1,15057
2018-11-05,2317,22500657,1803389760,81.0,81.0,79.5,80.0,-1.0,9822
2018-11-06,2317,27208925,2126849941,79.5,79.6,77.1,77.3,-2.7,12329
2018-11-07,2317,23857091,1858258498,78.4,78.4,77.4,77.9,0.6,8606
2018-11-08,2317,30437462,2350023974,78.2,78.4,76.6,76.6,-1.3,13422
2018-11-09,2317,29900195,2272315726,76.5,76.6,75.5,76.1,-0.5,12313
2018-11-12,2317,22024466,1679299499,75.9,76.9,75.8,76.2,0.1,7775
2018-11-13,2317,31659718,2355103546,74.4,74.8,73.8,74.4,-1.8,12266
2018-11-14,2317,35175438,2598272789,74.6,74.7,73.0,73.3,-1.1,15801
2018-11-15,2317,37827181,2781986697,73.3,75.4,72.5,74.5,1.2,15743
2018-11-16,2317,23952773,1779188408,74.9,75.0,73.8,74.3,-0.2,9336
2018-11-19,2317,29570164,2170532689,73.7,73.8,73.1,73.4,-0.9,12196
2018-11-20,2317,41385804,2960763006,72.0,72.7,71.0,71.0,-2.4,21043
2018-11-21,2317,43288083,3021077277,69.0,70.9,68.9,70.6,-0.4,20770
2018-11-22,2317,34033087,2380220840,70.6,71.0,69.4,69.5,-1.1,16757
2018-11-23,2317,23607145,1653629295,69.9,70.4,69.6,70.0,0.5,10747
2018-11-26,2317,25629931,1820699986,71.3,71.5,70.6,71.0,1.0,11579
2018-11-27,2317,24442315,1723970365,71.0,71.0,70.1,70.7,-0.3,10507
2018-11-28,2317,48699161,3524192489,71.0,73.4,71.0,73.1,2.4,19916
2018-11-29,2317,44209607,3248333815,74.4,74.5,72.4,72.4,-0.7,16789
2018-11-30,2317,79512359,5770124397,72.6,73.9,71.9,71.9,-0.5,16857
2018-12-03,2317,44756298,3300697952,73.1,74.3,73.1,74.0,2.1,16213
2018-12-04,2317,23375621,1721144064,74.0,74.0,73.1,73.4,-0.6,9063
2018-12-05,2317,23898867,1721015724,72.3,72.5,71.5,71.6,-1.8,12344
2018-12-06,2317,74371497,5173756905,70.3,71.0,68.8,69.0,-2.6,33077
2018-12-07,2317,29788587,2065631101,69.2,69.6,69.1,69.1,0.1,16282
2018-12-10,2317,34179628,2322581768,68.2,68.4,67.6,67.7,-1.4,18329
2018-12-11,2317,27863901,1913157049,68.5,69.2,68.4,68.4,0.7,13419
2018-12-12,2317,52213235,3699121588,70.5,71.7,70.1,71.2,2.8,22460
2018-12-13,2317,46486838,3364791174,71.2,73.0,71.2,73.0,1.8,22336
2018-12-14,2317,31646440,2267067945,72.6,72.6,71.1,71.5,-1.5,15433
2018-12-17,2317,17849612,1275940487,71.6,72.2,71.1,71.1,-0.4,8056
2018-12-18,2317,22953185,1618690443,70.5,70.8,70.1,70.8,-0.3,9991
2018-12-19,2317,17964150,1281356965,70.9,71.8,70.8,71.8,1.0,8760
2018-12-20,2317,25245106,1805594510,71.1,72.2,70.9,71.5,-0.3,11527
2018-12-21,2317,33136429,2353447421,70.6,71.4,70.2,71.4,-0.1,9316
2018-12-22,2317,6222257,441961791,71.0,71.3,70.8,70.9,-0.5,4435
2018-12-24,2317,11791597,838847036,70.8,71.4,70.7,71.4,0.5,5306
2018-12-25,2317,10943586,769819521,70.0,70.9,70.0,70.7,-0.7,6482
2018-12-26,2317,9507306,671527729,70.9,71.2,70.2,70.2,-0.5,5070
2018-12-27,2317,17074054,1217597624,71.8,71.8,70.8,70.8,0.6,7161
2018-12-28,2317,16169241,1145754397,70.9,71.1,70.7,70.8,0.0,5604
2019-01-02,2317,16775306,1182131473,71.4,71.4,69.9,70.1,-0.7,7968
2019-01-03,2317,36659461,2526323765,69.0,69.4,68.5,68.9,-1.2,17345
2019-01-04,2317,37313571,2520135828,68.2,68.2,67.0,67.6,-1.3,18110
2019-01-07,2317,24084557,1661796863,68.7,69.4,68.3,69.3,1.7,11167
2019-01-08,2317,18303188,1258685500,69.6,69.6,68.2,68.6,-0.7,8027
2019-01-09,2317,31946504,2226173028,68.9,70.2,68.8,69.9,1.3,12390
2019-01-10,2317,19041006,1318925953,69.8,69.8,68.9,69.3,-0.6,6868
2019-01-11,2317,23895923,1666289347,69.8,70.2,69.4,69.4,0.1,8299
2019-01-14,2317,14186528,978121932,69.3,69.7,68.6,68.7,-0.7,5838
2019-01-15,2317,34095247,2391707840,69.5,70.6,69.5,70.3,1.6,13090
2019-01-16,2317,16978789,1190557739,69.8,70.5,69.8,70.2,-0.1,7213
2019-01-17,2317,14229333,1001981116,70.7,70.9,70.0,70.4,0.2,6079
2019-01-18,2317,13989609,987788089,70.5,70.8,70.3,70.8,0.4,5758
2019-01-21,2317,13812012,982801352,71.3,71.4,70.9,71.2,0.4,6076
2019-01-22,2317,9804658,692841394,71.2,71.2,70.3,70.7,-0.5,4294
2019-01-23,2317,14218510,995321209,70.5,70.5,69.6,69.7,-1.0,6712
2019-01-24,2317,21008129,1467646630,69.5,70.1,69.5,70.0,0.3,6872
2019-01-25,2317,37127222,2619546538,70.2,70.9,70.2,70.7,0.7,9069
2019-01-28,2317,25776596,1824318059,70.8,71.0,70.6,70.8,0.1,6705
2019-01-29,2317,25436535,1781646390,69.9,70.6,69.8,69.9,-0.9,7599
2019-01-30,2317,32866799,2303214538,69.9,70.5,69.8,70.0,0.1,7053
2019-02-11,2317,40173372,2825063420,71.3,71.3,69.9,69.9,-0.1,15010
2019-02-12,2317,39354433,2812966578,70.5,72.0,70.2,72.0,2.1,17525
2019-02-13,2317,31353987,2263539264,72.2,72.8,71.6,72.0,0.0,12854
2019-02-14,2317,15001817,1075272261,72.0,72.2,71.4,71.4,-0.6,6888
2019-02-15,2317,24217212,1710402558,71.5,71.5,70.3,70.3,-1.1,10371
2019-02-18,2317,24104159,1718375189,70.8,71.7,70.8,71.0,0.7,8958
2019-02-19,2317,57110672,4064063677,71.4,72.3,71.4,72.0,1.0,11630
2019-02-20,2317,47550905,3476229765,72.6,73.8,72.4,73.2,1.2,19300
2019-02-21,2317,29935136,2200049211,73.6,73.8,73.0,73.8,0.6,12473
2019-02-22,2317,24033042,1761629610,73.5,73.5,73.0,73.5,-0.3,9539
2019-02-25,2317,23324206,1709529209,73.5,73.5,72.7,73.4,-0.1,9309
2019-02-26,2317,21006421,1535828357,73.6,73.8,72.8,72.8,-0.6,9010
2019-02-27,2317,24412855,1775028130,72.9,73.0,72.3,72.7,-0.1,7358
2019-03-04,2317,35967079,2589105944,72.3,72.4,71.5,72.2,-0.5,12143
2019-03-05,2317,15266318,1096096696,71.6,72.0,71.3,71.9,-0.3,6790
2019-03-06,2317,12965399,937328566,72.3,72.5,72.0,72.5,0.6,5857
2019-03-07,2317,18711684,1345138832,72.4,72.5,71.5,71.6,-0.9,7275
2019-03-08,2317,26489333,1876734471,71.5,71.5,70.6,70.7,-0.9,11626
2019-03-11,2317,16883254,1190599669,70.7,70.8,70.3,70.4,-0.3,7931
2019-03-12,2317,17317165,1232429568,71.0,71.4,70.8,71.2,0.8,7472
2019-03-13,2317,15570731,1102150204,70.8,71.1,70.6,70.7,-0.5,7273
2019-03-14,2317,15826574,1122590461,71.0,71.3,70.7,71.1,0.4,5754
2019-03-15,2317,39456305,2790346597,71.0,71.1,70.6,70.6,-0.5,8511
2019-03-18,2317,19365627,1386660321,71.1,72.0,71.0,72.0,1.4,9107
2019-03-19,2317,15694654,1131954788,72.0,72.6,71.7,72.3,0.3,7297
2019-03-20,2317,13949626,1007558467,72.2,72.5,72.0,72.4,0.1,5530
2019-03-21,2317,18642534,1359237840,72.6,73.1,72.5,73.0,0.6,9064
2019-03-22,2317,15792364,1153237189,73.4,73.5,72.4,73.0,0.0,7214
2019-03-25,2317,20943727,1496661255,72.0,72.0,71.1,71.2,-1.8,9677
2019-03-26,2317,6931426,496968496,71.8,71.9,71.5,71.8,0.6,4040
2019-03-27,2317,9927799,714018971,72.0,72.0,71.8,71.9,0.1,3964
2019-03-28,2317,7847350,563115125,72.0,72.0,71.5,71.8,-0.1,3271
2019-03-29,2317,37626532,2745565736,71.9,73.5,71.6,73.5,1.7,14309
2019-04-01,2317,171442589,13641328837,77.0,80.8,76.7,80.8,7.3,66838
2019-04-02,2317,102552317,8433290573,81.8,83.6,81.3,82.0,1.2,44503
2019-04-03,2317,42366852,3454135060,82.3,82.7,80.7,81.9,-0.1,21665
2019-04-08,2317,50206746,4147309372,82.5,83.1,82.0,82.4,0.5,20339
2019-04-09,2317,28246484,2328939888,82.8,82.9,82.0,82.5,0.1,11999
2019-04-10,2317,34543224,2864109342,82.9,83.4,82.4,83.0,0.5,13695
2019-04-11,2317,46823031,3932810310,83.6,84.7,83.3,83.8,0.8,19623
2019-04-12,2317,60490750,5210724455,85.6,86.7,85.6,86.5,2.7,28080
2019-04-15,2317,73767290,6541107310,87.8,89.8,87.2,89.3,2.8,32992
2019-04-16,2317,82925870,7493403350,91.4,91.4,89.5,89.9,0.6,34763
2019-04-17,2317,91422037,8363112050,91.0,92.7,90.1,91.8,1.9,44910
2019-04-18,2317,161976542,15205017590,94.0,97.2,90.5,91.6,-0.2,75202
2019-04-19,2317,85815908,7722931247,92.6,92.9,88.6,88.9,-2.7,44291
2019-04-22,2317,42019217,3713703322,88.8,89.7,87.7,87.8,-1.1,23843
2019-04-23,2317,66167792,5800876996,88.2,88.5,86.8,88.3,0.5,28446
2019-04-24,2317,56834676,4979883410,89.0,89.1,86.1,86.9,-1.4,21783
2019-04-25,2317,32202088,2786502667,86.0,87.2,85.8,86.8,-0.1,14711
2019-04-26,2317,31649333,2759566093,87.4,87.8,86.5,87.4,0.6,13980
2019-04-29,2317,33405276,2937313949,87.5,88.8,87.4,87.8,0.4,15147
2019-04-30,2317,35517579,3085461156,88.0,88.0,86.1,86.9,-0.9,15610
2019-05-02,2317,33606728,2916166643,86.5,87.3,86.3,86.9,0.0,10464
2019-05-03,2317,33772491,2951238446,87.3,88.3,86.7,88.2,1.3,12243
2019-05-06,2317,48477706,4139406310,85.7,86.2,84.8,84.9,-3.3,22863
2019-05-07,2317,31286229,2707565265,85.3,87.3,85.3,86.6,1.7,13893
2019-05-08,2317,24225963,2080351855,85.8,86.3,85.3,85.9,-0.7,10311
2019-05-09,2317,37492080,3184908365,85.5,86.0,84.3,84.3,-1.6,15730
2019-05-10,2317,26540533,2236652077,85.0,85.6,83.1,83.7,-0.6,13452
2019-05-13,2317,36817422,3018294124,83.5,83.5,81.1,81.2,-2.5,18630
2019-05-14,2317,58917717,4688254090,79.1,80.5,78.8,79.7,-1.5,24201
2019-05-15,2317,73605827,5732804818,78.1,78.4,77.5,77.8,-1.9,28764
2019-05-16,2317,62956947,4865352171,78.1,78.3,75.9,75.9,-1.9,25086
2019-05-17,2317,50083428,3774307349,76.6,77.1,74.6,74.7,-1.2,21472
2019-05-20,2317,31140335,2340545371,75.3,76.1,74.7,75.0,0.3,13575
2019-05-21,2317,36661660,2749432998,75.3,75.4,74.6,75.0,0.0,14041
2019-05-22,2317,30618177,2278642427,75.1,75.3,74.0,74.0,-1.0,14527
2019-05-23,2317,63692307,4585352752,72.7,72.8,71.5,71.5,-2.5,28490
2019-05-24,2317,40844359,2925562799,71.5,72.2,71.1,71.4,-0.1,18744
2019-05-27,2317,25409320,1816209346,71.6,71.9,71.1,71.4,0.0,11329
2019-05-28,2317,138134091,9842471605,71.3,72.0,71.2,71.2,-0.2,14561
2019-05-29,2317,43871336,3112658057,70.2,72.3,70.1,72.2,1.0,19856
2019-05-30,2317,44881687,3272062100,72.2,73.7,71.7,73.4,1.2,18144
2019-05-31,2317,52374507,3879770343,73.0,74.9,72.8,73.9,0.5,22956
2019-06-03,2317,30691063,2240945696,73.3,73.7,72.2,73.4,-0.5,13292
2019-06-04,2317,39322197,2846060314,73.1,73.4,71.8,71.8,-1.6,17958
2019-06-05,2317,48348800,3473387525,72.5,72.8,71.0,71.0,-0.8,20283
2019-06-06,2317,38757260,2760665454,71.0,72.0,71.0,71.1,0.1,15184
2019-06-10,2317,35654410,2562142098,72.0,72.3,71.2,72.1,1.0,13300
2019-06-11,2317,28059014,2031363362,72.1,72.8,71.9,72.4,0.3,11952
2019-06-12,2317,40554559,2954223835,72.5,73.9,72.0,73.7,1.3,16870
2019-06-13,2317,42030922,3106369148,73.6,74.4,73.2,74.2,0.5,16684
2019-06-14,2317,40758143,3057620636,74.2,75.5,74.2,75.1,0.9,19770
2019-06-17,2317,33119409,2519346493,75.6,76.5,75.2,76.4,1.3,16702
2019-06-18,2317,36656969,2790370844,77.2,77.5,75.1,75.9,-0.5,17471
2019-06-19,2317,49543345,3812397346,77.4,77.4,76.4,77.2,1.3,19591
2019-06-20,2317,26823796,2077861695,77.3,77.8,76.8,77.7,0.5,12705
2019-06-21,2317,58532183,4537934418,78.2,78.8,76.6,76.8,-0.9,22404
2019-06-24,2317,28060800,2141301281,76.4,77.2,75.3,77.1,0.3,13163
2019-06-25,2317,21534885,1650467278,77.0,77.4,76.1,76.4,-0.7,11060
2019-06-26,2317,17961718,1370947546,76.1,76.7,76.1,76.3,-0.1,7367
2019-06-27,2317,32381055,2508603582,76.8,77.9,76.7,77.4,1.1,11933
2019-06-28,2317,21112390,1639176256,77.6,78.2,77.4,77.4,0.0,7961
2019-07-01,2317,37776031,2989054094,78.7,79.7,78.6,79.4,2.0,18111
2019-07-02,2317,21546017,1705333449,79.0,79.5,78.7,79.1,-0.3,10787
2019-07-03,2317,30692214,2391526371,78.4,78.8,77.5,77.5,-1.6,14736
2019-07-04,2317,14276447,1111651026,78.0,78.4,77.5,77.7,0.2,6699
2019-07-05,2317,10943297,854395365,77.9,78.3,77.9,78.2,0.5,5367
2019-07-08,2317,19426333,1529428867,78.4,79.0,78.3,79.0,0.8,9232
2019-07-09,2317,21188735,1661393530,79.1,79.1,77.8,77.9,-1.1,9428
2019-07-10,2317,20106457,1568642420,78.7,78.7,77.7,77.9,0.0,8319
2019-07-11,2317,20457120,1601744784,78.1,78.7,77.8,78.2,0.3,9065
2019-07-12,2317,26468868,2058503042,78.0,78.2,77.5,77.6,-0.6,11097
2019-07-15,2317,37340374,2887993512,77.1,78.2,76.1,78.1,0.5,16220
2019-07-16,2317,59184035,4725596800,78.4,80.8,78.4,80.0,1.9,26333
2019-07-17,2317,31741667,2533615702,80.2,80.4,79.3,79.3,-0.7,14300
2019-07-18,2317,20198449,1600873450,79.2,79.7,79.0,79.0,-0.3,8911
2019-07-19,2317,24572592,1957380338,79.6,80.4,79.3,79.3,0.3,10527
2019-07-22,2317,38787555,3116232002,79.5,80.8,79.4,80.6,1.3,16042
2019-07-23,2317,38227545,3090070309,81.1,81.4,80.3,80.9,0.3,16167
2019-07-24,2317,73095922,5936543093,81.2,81.5,80.8,81.3,0.4,27858
2019-07-25,2317,62909028,4935150376,78.0,79.3,77.8,78.6,0.0,27627
2019-07-26,2317,22089564,1733210163,78.4,78.9,78.1,78.4,-0.2,10576
2019-07-29,2317,18209593,1425967829,78.3,78.7,78.0,78.4,0.0,7428
2019-07-30,2317,27716754,2161853958,78.7,78.8,77.6,77.8,-0.6,10594
2019-07-31,2317,24080224,1885916520,78.2,78.7,77.7,78.6,0.8,9103
2019-08-01,2317,31383363,2448631923,77.8,78.4,77.6,77.9,-0.7,13709
2019-08-02,2317,51771742,3932053892,76.5,76.6,75.5,75.5,-2.4,25321
2019-08-05,2317,49484279,3630339605,74.9,74.9,72.6,72.8,-2.7,25954
2019-08-06,2317,40168974,2899786822,71.0,73.6,70.7,73.3,0.5,19447
2019-08-07,2317,26458601,1935659844,73.6,73.9,72.8,72.9,-0.4,12876
2019-08-08,2317,19132614,1401390427,72.8,73.7,72.7,73.1,0.2,8520
2019-08-12,2317,18829546,1386961208,73.2,74.3,72.8,73.7,0.6,9212
2019-08-13,2317,18041979,1319078341,73.8,73.8,72.9,72.9,-0.8,8642
2019-08-14,2317,34110030,2497656890,74.0,74.3,72.6,72.6,-0.3,13839
2019-08-15,2317,29341797,2102556384,71.5,71.9,71.3,71.6,-1.0,14450
2019-08-16,2317,33475801,2407954491,71.4,72.7,71.2,72.0,0.4,14550
2019-08-19,2317,19816447,1437460797,72.5,73.0,72.2,72.4,0.4,9431
2019-08-20,2317,18777661,1361574436,72.5,72.9,72.4,72.4,0.0,8278
2019-08-21,2317,27098920,1989126254,73.0,73.8,72.6,73.5,1.1,12750
2019-08-22,2317,23080538,1702786612,74.0,74.3,73.3,73.9,0.4,9530
2019-08-23,2317,16397789,1203893184,73.5,73.9,73.2,73.3,-0.6,8009
2019-08-26,2317,29641247,2131214083,71.8,72.1,71.6,72.0,-1.3,15334
2019-08-27,2317,37138289,2681293432,72.5,72.6,72.0,72.2,0.2,9144
2019-08-28,2317,14696633,1061042978,72.3,72.5,72.0,72.4,0.2,7462
2019-08-29,2317,20188936,1452837808,72.4,72.4,71.8,71.9,-0.5,9559
2019-08-30,2317,39791593,2926659371,72.8,74.2,72.6,74.2,2.3,16463
2019-09-02,2317,19418490,1437551600,74.4,74.4,73.8,74.0,-0.2,9706
2019-09-03,2317,14880467,1099921236,74.2,74.3,73.6,73.6,-0.4,6761
2019-09-04,2317,31103326,2302854103,73.9,74.5,73.7,74.3,0.7,9126
2019-09-05,2317,26853451,2009112468,74.8,75.3,74.4,74.9,0.6,11720
2019-09-06,2317,29362446,2213894500,75.5,75.9,75.0,75.0,0.1,14340
2019-09-09,2317,20213537,1515871410,75.5,75.7,74.6,74.7,-0.3,9867
2019-09-10,2317,24330390,1802563745,74.8,74.8,73.8,74.1,-0.6,11187
2019-09-11,2317,35738526,2665190390,74.5,75.3,74.2,74.5,0.4,14229
2019-09-12,2317,61561226,4648457642,75.0,76.0,74.6,76.0,1.5,26748
2019-09-16,2317,42605700,3226860951,76.3,76.4,75.0,76.0,0.0,15028
2019-09-17,2317,43926799,3284313874,74.9,75.5,74.5,74.6,-1.4,19504
2019-09-18,2317,33122317,2466647011,74.7,74.9,74.1,74.4,-0.2,13550
2019-09-19,2317,31821479,2354960866,74.6,74.8,73.5,73.5,-0.9,13983
2019-09-20,2317,33927500,2521042744,73.8,74.5,73.8,74.5,1.0,8653
2019-09-23,2317,10657229,794333608,74.5,74.7,74.2,74.7,0.2,5397
2019-09-24,2317,19777743,1481741359,74.7,75.3,74.5,74.9,0.2,7930
2019-09-25,2317,18380995,1369148183,74.7,74.8,74.1,74.8,-0.1,7481
2019-09-26,2317,22665993,1683566362,75.0,75.0,74.0,74.0,-0.8,8846
2019-09-27,2317,25514894,1877490240,74.1,74.3,73.2,73.2,-0.8,11217
2019-10-01,2317,47479934,3442928053,72.2,73.0,72.2,72.6,-0.6,20014
2019-10-02,2317,26526996,1918576398,72.2,72.5,72.2,72.3,-0.3,12200
2019-10-03,2317,28106086,2019549226,71.8,72.2,71.5,72.0,-0.3,13528
2019-10-04,2317,18814662,1360137603,72.2,72.7,72.0,72.7,0.7,9549
2019-10-07,2317,25366095,1866993860,73.4,74.0,73.2,73.4,0.7,11706
2019-10-08,2317,28493260,2105351412,73.9,74.2,73.5,74.0,0.6,11091
2019-10-09,2317,18869984,1382827132,73.5,73.8,72.9,72.9,-1.1,7885
2019-10-14,2317,48248401,3583251274,74.3,74.5,73.8,74.5,1.6,15732
2019-10-15,2317,39991555,2995659383,75.0,75.4,74.5,74.7,0.2,12889
2019-10-16,2317,35414100,2656399981,75.4,75.4,74.7,75.0,0.3,12317
2019-10-17,2317,81667038,6223362226,75.3,77.5,75.0,77.2,2.2,32370
2019-10-18,2317,79307262,6135246690,77.6,78.2,76.9,76.9,-0.3,22232
2019-10-21,2317,32659971,2517240178,77.2,77.6,76.4,77.6,0.7,12693
2019-10-22,2317,84257950,6668430797,78.5,79.8,78.4,79.5,1.9,34399
2019-10-23,2317,89180610,7144162167,80.0,80.9,79.1,80.5,1.0,33358
2019-10-24,2317,40227260,3240812274,80.9,81.2,80.2,80.5,0.0,16658
2019-10-25,2317,35866261,2871800127,80.7,80.7,79.6,80.2,-0.3,14070
2019-10-28,2317,24589303,1976884140,80.5,80.8,80.0,80.1,-0.1,11179
2019-10-29,2317,43338927,3501791877,80.1,81.4,80.1,80.8,0.7,18579
2019-10-30,2317,31199154,2503835220,80.9,80.9,79.7,80.2,-0.6,12486
2019-10-31,2317,39615853,3205652611,81.0,81.4,80.6,80.6,0.4,15447
2019-11-01,2317,126495985,10516290118,81.4,84.8,80.9,84.8,4.2,54653
2019-11-04,2317,157046158,13788215938,86.1,89.1,86.1,89.0,4.2,69524
2019-11-05,2317,114554576,10282369664,90.0,90.4,89.1,90.0,1.0,49127
2019-11-06,2317,102692823,9247509770,90.5,90.9,88.9,90.4,0.4,43449
2019-11-07,2317,91907245,8308738401,90.4,91.0,89.8,90.8,0.4,36793
2019-11-08,2317,107939604,9898925887,91.2,92.9,90.9,90.9,0.1,48100
2019-11-11,2317,113464283,10036725149,91.0,91.3,86.7,87.9,-3.0,47982
2019-11-12,2317,87919854,7892657442,89.1,91.0,88.7,91.0,3.1,37303
2019-11-13,2317,53336137,4788176972,90.0,90.6,89.2,89.7,-1.3,23412
2019-11-14,2317,89212854,8050458022,91.4,91.4,89.3,89.3,-0.4,30500
2019-11-15,2317,43552570,3928041685,90.7,90.8,89.8,90.1,0.8,18749
2019-11-18,2317,35921688,3244631720,90.1,90.7,89.9,90.5,0.4,14611
2019-11-19,2317,109575561,10092721829,90.5,92.8,90.3,92.8,2.3,47352
2019-11-20,2317,44527871,4089310578,92.8,92.8,91.2,91.9,-0.9,20426
2019-11-21,2317,52752786,4825030164,91.2,92.5,90.7,92.5,0.6,20606
2019-11-22,2317,30090529,2765280631,93.0,93.0,91.3,91.4,-1.1,15802
2019-11-25,2317,56144076,5046637379,91.6,91.6,89.0,89.6,-1.8,24137
2019-11-26,2317,74419119,6692787107,90.4,90.4,89.4,89.9,0.3,14304
2019-11-27,2317,21007877,1895290466,89.6,90.8,89.6,90.6,0.7,10282
2019-11-28,2317,19363801,1748262807,90.6,90.7,89.7,89.8,-0.8,9626
2019-11-29,2317,37756546,3364546289,90.0,90.5,88.2,88.5,-1.3,16445
2019-12-02,2317,31236074,2746751820,88.6,89.3,86.8,88.6,0.1,14896
2019-12-03,2317,34645279,3100405770,88.3,90.3,87.8,90.0,1.4,14042
2019-12-04,2317,26034634,2322526955,90.0,90.0,88.7,89.5,-0.5,9926
2019-12-05,2317,19851813,1788613637,90.0,90.7,89.6,89.9,0.4,9419
2019-12-06,2317,20657992,1864481080,90.6,90.9,89.7,90.5,0.6,10122
2019-12-09,2317,39013354,3554471708,90.8,91.7,90.3,91.0,0.5,16974
2019-12-10,2317,14192519,1282178710,90.5,90.8,90.1,90.3,-0.7,6932
2019-12-11,2317,32362218,2944889438,90.5,91.3,90.4,91.3,1.0,14049
2019-12-12,2317,32664180,2991238892,92.0,92.2,91.0,91.0,-0.3,13263
2019-12-13,2317,33488249,3060261787,92.0,92.0,90.9,91.0,0.0,15711
2019-12-16,2317,34055107,3121729569,91.5,92.4,91.1,91.6,0.6,14433
2019-12-17,2317,31166098,2846439695,91.8,91.9,91.1,91.6,0.0,12212
2019-12-18,2317,58840462,5427958104,91.6,92.8,91.1,92.4,0.8,24632
2019-12-19,2317,28904382,2653486845,92.0,92.2,91.3,92.2,-0.2,11949
2019-12-20,2317,39064336,3573523990,92.5,92.6,91.1,91.1,-1.1,11011
2019-12-23,2317,17511564,1595581554,91.3,91.7,90.7,91.5,0.4,8301
2019-12-24,2317,11775451,1072386883,91.5,91.5,90.8,90.9,-0.6,5935
2019-12-25,2317,11310473,1029248360,91.1,91.3,90.8,91.0,0.1,6353
2019-12-26,2317,10097183,917789491,91.0,91.3,90.7,90.8,-0.2,5517
2019-12-27,2317,20188995,1848289316,91.4,91.9,91.1,91.5,0.7,8406
2019-12-30,2317,15811376,1442350252,91.6,91.8,90.9,90.9,-0.6,6646
2019-12-31,2317,14491239,1317119661,90.7,91.4,90.7,90.8,-0.1,6530
2020-01-02,2317,20758722,1886677519,91.0,91.5,90.3,90.8,0.0,9994
2020-01-03,2317,37936877,3471335594,91.4,92.2,90.8,91.6,0.8,16491
2020-01-06,2317,26352522,2388785688,91.1,91.1,90.1,90.5,-1.1,11872
2020-01-07,2317,43978140,3935667984,90.5,91.0,88.3,89.1,-1.4,21340
2020-01-08,2317,56101121,4891344755,87.9,88.1,86.5,86.5,-2.6,28087
2020-01-09,2317,28513381,2491571248,87.3,87.7,87.0,87.1,0.6,13485
2020-01-10,2317,32264863,2852056044,88.0,89.0,87.5,89.0,1.9,14951
2020-01-13,2317,23369554,2084580613,89.7,89.7,88.6,89.6,0.6,9793
2020-01-14,2317,19568838,1758920258,90.0,90.1,89.6,90.0,0.4,9250
2020-01-15,2317,23798041,2141165898,90.0,90.3,89.5,89.9,-0.1,9104
2020-01-16,2317,19281565,1734134777,89.8,90.2,89.4,90.0,0.1,6958
2020-01-17,2317,78180511,7195625358,91.0,92.4,91.0,92.3,2.3,33753
2020-01-20,2317,35277412,3266663404,92.7,93.4,92.1,92.3,0.0,14735
2020-01-30,2317,153655274,12913538375,85.5,86.2,83.1,83.1,-9.2,63060
2020-01-31,2317,69686948,5823335061,83.0,84.9,82.6,83.2,0.1,28528
2020-02-03,2317,66666856,5331667770,79.5,82.3,77.3,82.2,-1.0,27283
2020-02-04,2317,49697853,4125328043,82.8,83.9,81.5,82.2,0.0,18430
2020-02-05,2317,49302064,4053426295,82.2,82.7,81.6,82.2,0.0,17553
2020-02-06,2317,44278109,3674127347,82.5,83.6,82.3,83.6,1.4,16635
2020-02-07,2317,26495116,2198259716,83.6,83.6,82.7,82.9,-0.7,12149
2020-02-10,2317,42505477,3452575714,79.0,82.7,78.9,82.0,-0.9,18921
2020-02-11,2317,28310130,2343130610,82.6,83.4,82.1,82.9,0.9,11338
2020-02-12,2317,57339491,4848610083,83.0,85.6,83.0,85.5,2.6,22018
2020-02-13,2317,36204520,3092757614,85.8,86.3,84.7,84.7,-0.8,15769
2020-02-14,2317,21292704,1806237388,84.7,85.3,84.3,84.9,0.2,9353
2020-02-17,2317,16771107,1408020326,84.2,84.2,83.8,83.9,-1.0,10096
2020-02-18,2317,22611466,1887907282,84.0,84.3,83.0,83.4,-0.5,10033
2020-02-19,2317,25476407,2132686918,83.0,84.6,82.5,83.8,0.4,12306
2020-02-20,2317,35972272,2991260607,84.0,84.1,82.5,82.8,-1.0,13928
2020-02-21,2317,29778377,2438828133,82.1,82.2,81.6,81.7,-1.1,14457
2020-02-24,2317,32852370,2650828496,80.6,81.4,80.2,80.7,-1.0,15908
2020-02-25,2317,47213818,3849837516,80.2,82.7,79.9,82.3,1.6,19636
2020-02-26,2317,43075406,3504698711,81.2,82.2,80.7,81.1,-1.2,18692
2020-02-27,2317,53384898,4297286977,80.8,81.5,80.0,80.3,-0.8,21538
2020-03-02,2317,54992166,4355555537,78.2,80.3,78.1,79.2,-1.1,23725
2020-03-03,2317,34822180,2828098980,81.1,82.0,80.6,81.0,1.8,16398
2020-03-04,2317,29907913,2438150154,81.5,81.9,81.1,81.7,0.7,11887
2020-03-05,2317,36950021,3067987721,83.3,83.6,82.6,82.7,1.0,16471
2020-03-06,2317,38712605,3137596043,81.6,81.7,80.7,80.8,-1.9,17173
2020-03-09,2317,45009955,3574569517,79.2,80.1,79.1,79.1,-1.7,23367
2020-03-10,2317,39205665,3099346390,78.5,79.8,78.5,79.4,0.3,17013
2020-03-11,2317,30546137,2418343099,79.3,80.1,78.6,78.6,-0.8,14050
2020-03-12,2317,85760356,6495111843,77.4,77.5,74.5,74.7,-3.9,42675
2020-03-13,2317,108780196,7771885443,70.0,75.0,69.9,74.6,-0.1,46824
2020-03-16,2317,65223917,4720458460,73.9,74.3,71.1,71.1,-3.5,32325
2020-03-17,2317,72635874,5158152404,70.1,72.8,70.0,70.6,-0.5,30114
2020-03-18,2317,76268240,5378721353,70.7,71.3,70.0,70.0,-0.6,30314
2020-03-19,2317,107256149,7251995017,68.7,69.3,65.7,66.3,-3.7,47548
2020-03-20,2317,104299524,7291745045,68.0,71.4,68.0,70.8,4.5,40245
2020-03-23,2317,66805202,4526103196,67.5,68.4,67.0,67.5,-3.3,27995
2020-03-24,2317,41628933,2912829700,70.6,70.7,69.1,69.4,1.9,19834
2020-03-25,2317,53652986,3851366575,71.2,72.6,71.1,71.4,2.0,26059
2020-03-26,2317,38695860,2744977279,71.5,71.7,70.5,71.0,-0.4,15719
2020-03-27,2317,59785740,4243023340,71.4,72.2,70.0,70.1,-0.9,23636
2020-03-30,2317,33595577,2344257604,69.5,70.3,69.0,70.0,-0.1,13149
2020-03-31,2317,38298560,2683048464,70.1,70.5,69.9,69.9,-0.1,14066
2020-04-01,2317,25810865,1810237557,70.5,70.5,70.0,70.0,0.1,10193
2020-04-06,2317,48957455,3422092605,70.0,70.3,69.4,70.2,0.2,16309
2020-04-07,2317,46626787,3321176546,71.4,71.9,70.8,71.2,1.0,19700
2020-04-08,2317,90172291,6665687725,71.5,75.3,71.4,75.0,3.8,45059
2020-04-09,2317,55267837,4121063355,75.5,75.9,73.7,74.0,-1.0,27239
2020-04-10,2317,19079314,1406163797,73.5,73.9,73.4,73.9,-0.1,9662
2020-04-13,2317,25076651,1840201557,73.8,73.9,73.1,73.1,-0.8,12994
2020-04-14,2317,36772932,2724034232,73.5,74.5,73.2,74.4,1.3,13991
2020-04-15,2317,42208905,3140527398,74.5,75.2,74.1,74.1,-0.3,19762
2020-04-16,2317,46873293,3488949075,74.0,75.0,73.8,74.0,-0.1,16737
2020-04-17,2317,71076153,5396376021,75.5,76.5,75.3,75.8,1.8,29356
2020-04-20,2317,34062921,2589741185,76.1,76.6,75.4,76.2,0.4,13541
2020-04-21,2317,50476839,3748124545,75.2,75.5,73.5,73.5,-2.7,26194
2020-04-22,2317,27664535,2028813790,72.6,73.9,72.5,73.9,0.4,11631
2020-04-23,2317,26918129,1999116982,74.2,75.2,73.6,74.0,0.1,10752
2020-04-24,2317,18097847,1338133578,74.0,74.2,73.7,73.8,-0.2,8073
2020-04-27,2317,28422746,2127044766,74.2,75.2,74.2,74.9,1.1,12354
2020-04-28,2317,22472772,1686693617,75.1,75.4,74.8,75.2,0.3,9829
2020-04-29,2317,32618555,2472509066,75.2,76.2,75.1,75.6,0.4,15525
2020-04-30,2317,50247112,3846340874,76.2,77.0,76.0,77.0,1.4,21023
2020-05-04,2317,50274654,3743144292,74.0,75.0,73.9,74.5,-2.5,24021
2020-05-05,2317,30499283,2267358676,74.7,75.0,74.0,74.1,-0.4,14431
2020-05-06,2317,26782236,1994740599,74.1,75.2,74.1,74.3,0.2,12458
2020-05-07,2317,31856315,2394950417,74.5,75.8,74.5,75.2,0.9,13922
2020-05-08,2317,38394983,2932358445,76.8,76.8,75.9,76.2,1.0,17416
2020-05-11,2317,59444957,4658299492,76.9,79.2,76.9,78.9,2.7,28011
2020-05-12,2317,45434634,3527174435,78.3,78.4,77.0,77.3,-1.6,21458
2020-05-13,2317,43132241,3378556440,77.7,78.8,77.7,78.8,1.5,21005
2020-05-14,2317,42128911,3298686731,78.0,78.9,78.0,78.2,-0.6,19774
2020-05-15,2317,47550082,3678862332,78.2,78.6,76.4,77.1,-1.1,22470
2020-05-18,2317,57978171,4380323435,76.6,76.6,74.9,75.0,-2.1,26917
2020-05-19,2317,49410505,3711927230,75.4,76.0,74.6,74.8,-0.2,21590
2020-05-20,2317,30828720,2304984331,74.9,75.3,74.5,74.5,-0.3,13870
2020-05-21,2317,24213322,1809690550,74.5,75.0,74.3,74.7,0.2,11673
2020-05-22,2317,46433168,3429622432,74.2,74.4,73.5,73.6,-1.1,24358
2020-05-25,2317,26982259,1975050566,73.5,73.6,72.6,73.6,0.0,13590
2020-05-26,2317,28310825,2118555875,73.7,75.3,73.6,74.8,1.2,12743
2020-05-27,2317,22380029,1681599201,74.8,75.5,74.8,75.3,0.5,9717
2020-05-28,2317,26184820,1974966847,75.7,75.9,74.8,75.3,0.0,11142
2020-05-29,2317,44896709,3390842168,74.3,75.8,74.3,75.8,0.5,8845
2020-06-01,2317,25890941,1978249140,76.0,76.8,75.9,76.2,0.4,11983
2020-06-02,2317,46411048,3578984344,76.5,77.5,76.4,77.1,0.9,17377
2020-06-03,2317,42871656,3345926880,78.0,78.4,77.6,78.1,1.0,20113
2020-06-04,2317,43657351,3416129837,78.5,78.7,77.6,78.4,0.3,16411
2020-06-05,2317,33935695,2653168238,78.1,78.5,77.8,78.5,0.1,14514
2020-06-08,2317,53575560,4252869778,79.1,79.8,78.8,79.7,1.2,25563
2020-06-09,2317,38143498,3037880359,79.3,80.2,78.9,79.5,-0.2,17925
2020-06-10,2317,25863059,2061805675,79.6,79.9,79.1,79.9,0.4,11783
2020-06-11,2317,42535010,3373446609,79.9,80.3,78.1,78.6,-1.3,19143
2020-06-12,2317,30382486,2353848108,77.3,78.0,76.6,78.0,-0.6,14859
2020-06-15,2317,26332046,2038172490,77.7,77.9,77.0,77.0,-1.0,12905
2020-06-16,2317,22339775,1747515973,77.8,78.5,77.7,78.4,1.4,9686
2020-06-17,2317,18039312,1413407434,78.9,79.0,77.9,78.2,-0.2,8443
2020-06-18,2317,18089756,1416482565,78.4,78.7,77.7,78.5,0.3,7536
2020-06-19,2317,35887232,2822258010,78.6,78.9,78.1,78.8,0.3,7669
2020-06-22,2317,16769227,1318411513,78.7,78.9,78.2,78.9,0.1,7610
2020-06-23,2317,45708143,3655911340,79.6,80.7,79.3,80.2,1.3,20574
2020-06-24,2317,88391479,7322897783,81.1,83.5,81.0,83.5,3.3,41893
2020-06-29,2317,98493392,8314264132,83.6,85.8,83.4,85.2,1.7,39748
2020-06-30,2317,57741437,4972422082,86.0,86.4,85.7,86.3,1.1,23058
2020-07-01,2317,44576514,3854998428,86.5,87.6,85.5,85.9,-0.4,22175
2020-07-02,2317,34490431,2950800438,85.8,86.0,84.6,86.0,0.1,16916
2020-07-03,2317,44883049,3832093245,86.1,86.2,85.1,85.3,-0.7,21640
2020-07-06,2317,44370881,3833581654,85.7,86.6,85.6,86.4,1.1,17935
2020-07-07,2317,52853744,4572499757,87.1,87.5,85.6,87.0,0.6,21050
2020-07-08,2317,40532208,3524880599,87.0,87.3,86.6,87.0,0.0,15078
2020-07-09,2317,51421490,4442391525,87.3,87.4,85.8,86.2,-0.8,20494
2020-07-10,2317,55453243,4737240248,86.2,86.2,84.8,84.8,-1.4,22536
2020-07-13,2317,36625700,3154223682,85.4,86.7,85.4,86.7,1.9,14492
2020-07-14,2317,34934410,3029522815,86.8,87.5,86.3,86.3,-0.4,13706
2020-07-15,2317,47807002,4148430451,86.6,87.2,86.5,86.6,0.3,22664
2020-07-16,2317,50530654,4420166927,87.0,88.0,86.9,87.6,1.0,20067
2020-07-17,2317,48813379,4307330703,88.3,88.6,87.6,88.0,0.4,21341
2020-07-20,2317,74478567,6424395139,88.0,88.0,85.0,86.8,-1.2,29010
2020-07-21,2317,74962395,6405280586,86.0,86.1,85.1,85.3,-1.5,34475
2020-07-22,2317,73724655,6309707947,85.3,86.0,85.1,85.9,0.6,28177
2020-07-23,2317,79361972,6498304084,81.3,82.5,81.1,82.1,0.0,31355
2020-07-24,2317,50435732,4076404565,81.5,81.9,80.0,80.0,-2.1,23339
2020-07-27,2317,68636332,5391711702,79.6,79.9,78.0,78.0,-2.0,29796
2020-07-28,2317,89739664,7145636184,77.8,82.7,77.3,78.4,0.4,36892
2020-07-29,2317,39362154,3086153861,78.6,79.8,78.0,78.0,-0.4,20547
2020-07-30,2317,40501045,3157449637,78.7,78.8,77.5,78.0,0.0,17186
2020-07-31,2317,47089202,3713121252,78.5,79.4,78.4,78.4,0.4,17849
2020-08-03,2317,61172243,4755970977,78.4,78.9,77.1,77.1,-1.3,28055
2020-08-04,2317,23090382,1797852065,77.7,78.2,77.5,78.1,1.0,10819
2020-08-05,2317,27876127,2178907032,78.3,78.5,77.9,77.9,-0.2,14160
2020-08-06,2317,33250505,2629079995,79.3,79.7,78.5,79.0,1.1,16746
2020-08-07,2317,21862438,1721842306,79.6,79.6,78.3,78.3,-0.7,11805
2020-08-10,2317,49798520,3990124915,79.2,80.9,79.1,80.5,2.2,23279
2020-08-11,2317,30816578,2468946640,81.0,81.1,79.6,79.8,-0.7,13848
2020-08-12,2317,45677601,3690920427,80.9,81.5,79.9,81.4,1.6,20916
2020-08-13,2317,91723728,7358971725,82.0,82.3,79.2,79.5,-1.9,36555
2020-08-14,2317,35459498,2840778377,79.8,80.7,79.6,80.4,0.9,13587
2020-08-17,2317,23622631,1896828119,80.7,80.7,80.0,80.2,-0.2,11055
2020-08-18,2317,33226399,2650389582,80.5,80.5,79.3,79.8,-0.4,11086
2020-08-19,2317,34690778,2772846440,80.9,80.9,79.3,79.3,-0.5,13857
2020-08-20,2317,62249250,4824965577,79.6,79.9,75.6,77.1,-2.2,28426
2020-08-21,2317,24487793,1910674209,78.2,78.4,77.5,78.2,1.1,11775
2020-08-24,2317,21801923,1698792494,78.2,78.4,77.6,77.6,-0.6,8976
2020-08-25,2317,17655262,1381004042,78.1,78.5,77.8,78.3,0.7,7599
2020-08-26,2317,16286412,1272133537,78.3,78.4,77.9,78.2,-0.1,7049
2020-08-27,2317,24154047,1879109966,78.2,78.7,77.5,77.5,-0.7,11696
2020-08-28,2317,25486462,1976344876,77.4,78.2,77.1,77.5,0.0,11424
2020-08-31,2317,30590373,2364666097,77.8,78.0,76.9,76.9,-0.6,9800
2020-09-01,2317,22918104,1761448751,76.9,77.3,76.4,77.0,0.1,9429
2020-09-02,2317,24934189,1926749142,77.2,77.8,77.0,77.8,0.8,10679
2020-09-03,2317,41884369,3282356882,78.8,79.3,77.6,77.7,-0.1,19460
2020-09-04,2317,36806710,2831784400,77.0,77.3,76.6,76.9,-0.8,15981
2020-09-07,2317,21248188,1638392849,76.8,77.5,76.8,77.3,0.4,10350
2020-09-08,2317,26249612,2037963124,77.7,78.1,77.3,77.5,0.2,9471
2020-09-09,2317,22505471,1737061038,77.3,77.9,76.6,77.9,0.4,10226
2020-09-10,2317,29117204,2283088513,78.0,78.7,78.0,78.5,0.6,12763
2020-09-11,2317,16132726,1263705910,78.5,78.5,78.0,78.5,0.0,7897
2020-09-14,2317,27029525,2139654572,78.8,79.5,78.6,79.4,0.9,13151
2020-09-15,2317,16938546,1340750906,79.4,79.4,78.9,79.1,-0.3,7801
2020-09-16,2317,18122360,1429007221,79.4,79.4,78.6,78.8,-0.3,8344
2020-09-17,2317,20784040,1628079884,78.6,79.1,78.0,78.1,-0.7,10005
2020-09-18,2317,32663875,2538932050,77.9,78.2,77.5,77.6,-0.5,9826
2020-09-21,2317,19006472,1475770876,77.6,78.3,77.3,77.4,-0.2,9495
2020-09-22,2317,25601394,1969959728,77.3,77.3,76.5,76.8,-0.6,10596
2020-09-23,2317,18141854,1392920098,77.0,77.2,76.6,76.7,-0.1,8408
2020-09-24,2317,57338020,4323761301,76.1,76.4,75.0,75.0,-1.7,27989
2020-09-25,2317,38124876,2845940140,75.4,75.7,74.1,74.3,-0.7,17695
2020-09-28,2317,32250992,2463972584,74.9,76.9,74.8,76.9,2.6,14071
2020-09-29,2317,36475973,2829789508,77.3,78.4,77.0,77.0,0.1,14074
2020-09-30,2317,19229698,1492921059,78.0,78.0,77.3,77.4,0.4,8011
2020-10-05,2317,19075464,1486550675,78.2,78.5,77.5,77.7,0.3,8036
2020-10-06,2317,16976308,1322915817,78.1,78.2,77.6,77.8,0.1,7560
2020-10-07,2317,17236406,1334976005,77.4,77.8,77.1,77.4,-0.4,6752
2020-10-08,2317,14942266,1162407848,77.8,78.0,77.5,78.0,0.6,7978
2020-10-12,2317,38085427,2991588689,78.4,78.8,78.1,78.7,0.7,14391
2020-10-13,2317,22946661,1803540423,79.0,79.1,78.1,78.9,0.2,10059
2020-10-14,2317,42431974,3319711242,78.1,78.8,78.0,78.0,-0.9,11427
2020-10-15,2317,26260704,2052076611,77.7,78.5,77.6,78.1,0.1,9280
2020-10-16,2317,48409062,3826593625,78.4,79.9,78.2,78.6,0.5,21575
2020-10-19,2317,85721985,6933767387,80.0,81.5,79.7,81.3,2.7,41492
2020-10-20,2317,45688857,3719173202,81.5,82.0,80.8,81.4,0.1,23005
2020-10-21,2317,32456107,2621588828,81.5,81.5,80.3,80.4,-1.0,14481
2020-10-22,2317,24773904,1997772128,80.8,80.8,80.3,80.8,0.4,9087
2020-10-23,2317,18968821,1533150361,81.2,81.4,80.5,80.7,-0.1,7944
2020-10-26,2317,14376600,1155662321,81.1,81.1,80.0,80.2,-0.5,7849
2020-10-27,2317,21240221,1694981771,79.9,80.0,79.4,80.0,-0.2,9012
2020-10-28,2317,33914127,2673591837,79.4,79.7,78.2,78.3,-1.7,16485
2020-10-29,2317,30618945,2376702905,77.6,78.2,76.8,78.0,-0.3,15101
2020-10-30,2317,26399018,2048506123,77.6,78.2,77.1,77.5,-0.5,9463
2020-11-02,2317,17820319,1388494460,77.5,78.3,77.4,78.3,0.8,8075
2020-11-03,2317,14624015,1146787065,78.5,78.8,78.1,78.3,0.0,7545
2020-11-04,2317,18927508,1490884001,78.4,79.4,78.0,78.8,0.5,7641
2020-11-05,2317,14675062,1157728567,79.0,79.3,78.5,79.0,0.2,6177
2020-11-06,2317,21927838,1745003872,79.6,79.9,79.3,79.7,0.7,9256
2020-11-09,2317,42301888,3424501240,80.7,81.5,80.5,81.2,1.5,19937
2020-11-10,2317,21869925,1766382105,81.1,81.2,80.3,80.8,-0.4,10248
2020-11-11,2317,36850179,2992317172,80.8,81.7,80.4,81.6,0.8,17181
2020-11-12,2317,44996299,3672675394,81.7,82.0,80.8,81.9,0.3,19911
2020-11-13,2317,32250189,2628738658,81.9,82.0,80.9,81.4,-0.5,14397
2020-11-16,2317,50715538,4182976762,82.0,82.9,81.9,82.6,1.2,22122
2020-11-17,2317,45390693,3760327206,83.1,83.3,82.3,83.0,0.4,17332
2020-11-18,2317,30992749,2576431712,82.9,83.4,82.7,83.2,0.2,14929
2020-11-19,2317,23992520,1985723356,82.7,83.2,82.5,82.9,-0.3,11054
2020-11-20,2317,24856126,2050460680,83.3,83.3,82.1,82.5,-0.4,11943
2020-11-23,2317,24645027,2041909040,82.9,83.2,82.5,82.9,0.4,10383
2020-11-24,2317,22997794,1893349073,83.1,83.1,82.0,82.0,-0.9,11782
2020-11-25,2317,23351912,1915145608,82.4,82.5,81.5,82.0,0.0,10804
2020-11-26,2317,35654143,2955779864,82.6,83.2,82.5,83.0,1.0,15087
2020-11-27,2317,21516682,1778145042,83.0,83.0,82.5,82.6,-0.4,10239
2020-11-30,2317,66105032,5444498467,82.7,83.0,82.0,82.3,-0.3,11699
2020-12-01,2317,24824339,2050440234,82.5,82.9,82.2,82.9,0.6,9164
2020-12-02,2317,38583640,3190762355,83.0,83.3,82.4,82.7,-0.2,15581
2020-12-03,2317,30688528,2519994773,82.3,82.4,81.9,82.0,-0.7,14542
2020-12-04,2317,48068126,3987392806,83.0,83.4,82.6,82.9,0.9,20329
2020-12-07,2317,163867512,14119652736,83.3,88.1,83.1,87.9,5.0,80798
2020-12-08,2317,118755890,10495182078,88.4,89.7,87.3,87.6,-0.3,56530
2020-12-09,2317,67952932,6033649403,88.5,89.3,88.2,89.0,1.4,31573
2020-12-10,2317,54580931,4795519790,88.4,88.7,87.1,87.7,-1.3,27323
2020-12-11,2317,61349293,5351066332,88.5,88.5,85.8,87.6,-0.1,29628
2020-12-14,2317,47987980,4241965989,88.3,89.0,87.7,87.7,0.1,21135
2020-12-15,2317,38956460,3390831919,88.3,88.3,86.5,87.1,-0.6,18357
2020-12-16,2317,47026342,4130677034,88.0,88.2,87.4,88.2,1.1,21515
2020-12-17,2317,28097957,2470825265,88.3,88.4,87.6,87.8,-0.4,12277
2020-12-18,2317,27787804,2439199919,88.1,88.2,87.5,87.7,-0.1,11920
2020-12-21,2317,28905010,2538797919,88.1,88.5,86.9,88.0,0.3,14714
2020-12-22,2317,94049036,8374170934,88.0,90.5,87.5,87.7,-0.3,44931
2020-12-23,2317,56278242,5000495202,88.5,89.4,88.3,88.8,1.1,25699
2020-12-24,2317,41263965,3691307949,89.5,89.9,89.0,89.6,0.8,18937
2020-12-25,2317,114607503,10497953149,90.9,92.2,90.8,91.8,2.2,61188
2020-12-28,2317,67626965,6240713115,92.4,93.0,91.8,91.8,0.0,34315
2020-12-29,2317,46148101,4192521279,91.8,91.8,90.4,90.4,-1.4,26781
2020-12-30,2317,40526518,3687922978,91.0,91.6,90.1,91.6,1.2,20750
2020-12-31,2317,32420293,2974403637,91.5,92.0,91.1,92.0,0.4,16438
2021-01-04,2317,233726746,22587972258,93.4,100.0,93.3,99.9,7.9,115789
2021-01-05,2317,234178116,24176652664,101.0,105.0,101.0,104.0,4.1,114366
2021-01-06,2317,222119287,23465513766,107.5,109.0,102.0,105.0,1.0,114160
2021-01-07,2317,114653734,12242829524,108.0,108.0,105.5,107.0,2.0,59013
2021-01-08,2317,115547259,12431474200,109.0,109.5,106.0,108.0,1.0,61278
2021-01-11,2317,70525408,7582606654,108.0,109.0,106.5,107.5,-0.5,39544
2021-01-12,2317,106622057,11119079660,106.5,107.0,103.0,104.0,-3.5,56730
2021-01-13,2317,83561136,8856217204,105.0,107.0,105.0,106.5,2.5,40226
2021-01-14,2317,321271715,36391347707,109.0,117.0,108.0,116.0,9.5,141468
2021-01-15,2317,171273151,19817867014,118.0,119.0,113.0,115.5,-0.5,86061
2021-01-18,2317,95824657,10843315189,115.5,116.0,111.0,114.0,-1.5,52153
2021-01-19,2317,95320325,10971429720,115.0,116.5,114.0,115.0,1.0,45246
2021-01-20,2317,133839555,15534875651,116.5,118.5,114.0,114.5,-0.5,62204
2021-01-21,2317,88148629,10260813496,116.5,117.5,115.0,117.0,2.5,41785
2021-01-22,2317,222771956,26779865039,117.5,121.5,117.0,121.5,4.5,108571
2021-01-25,2317,144137047,17407181744,122.0,124.0,117.5,123.0,1.5,70532
2021-01-26,2317,129763217,15878540462,122.5,125.0,120.0,122.0,-1.0,64483
2021-01-27,2317,100937464,12345781130,124.0,124.5,122.5,123.0,1.0,41497
2021-01-28,2317,126109713,15041934387,120.0,121.0,118.0,118.5,-4.5,67691
2021-01-29,2317,182193247,20945648631,119.0,120.0,111.5,111.5,-7.0,94768
2021-02-01,2317,126542433,14005129697,111.0,114.5,108.0,113.0,1.5,57812
2021-02-02,2317,84723356,9830393889,115.0,118.0,114.0,116.5,3.5,41228
2021-02-03,2317,61266257,7139280649,118.0,118.5,115.0,116.5,0.0,26771
2021-02-04,2317,64821924,7403951223,114.5,116.0,113.0,114.0,-2.5,32329
2021-02-05,2317,88545854,10144603345,115.0,116.5,113.0,113.5,-0.5,44497
2021-02-17,2317,91569404,10442945499,115.0,116.0,112.5,114.0,0.5,43802
2021-02-18,2317,47383973,5380177658,113.5,114.5,113.0,113.0,-1.0,24592
2021-02-19,2317,87882501,9701331173,112.0,112.5,109.5,110.0,-3.0,46144
2021-02-22,2317,60772150,6816444876,111.5,114.0,111.0,111.0,1.0,32269
2021-02-23,2317,51483656,5690394165,109.5,112.5,108.5,111.5,0.5,26413
2021-02-24,2317,59398315,6652961790,112.0,114.0,110.5,110.5,-1.0,29603
2021-02-25,2317,113086563,13028463836,115.0,116.5,114.0,116.5,6.0,53677
2021-02-26,2317,122126804,13787932415,114.5,115.0,112.0,112.0,-4.5,55063
2021-03-02,2317,54679187,6208416490,114.5,114.5,112.0,112.0,0.0,24377
2021-03-03,2317,90671041,10385729569,113.0,116.0,112.0,115.5,3.5,36128
2021-03-04,2317,79491784,9055229129,115.5,116.0,112.0,114.5,-1.0,30614
2021-03-05,2317,87263439,10007886347,113.5,116.0,112.5,115.0,0.5,34097
2021-03-08,2317,54725412,6277482760,116.0,116.5,113.0,113.5,-1.5,23284
2021-03-09,2317,44151477,5019110304,113.0,115.0,112.0,115.0,1.5,20125
2021-03-10,2317,49011206,5676662482,116.0,117.0,115.0,115.5,0.5,20545
2021-03-11,2317,76015788,8894298610,116.5,118.0,116.0,117.0,1.5,36312
2021-03-12,2317,97811913,11662163611,117.5,120.0,117.5,120.0,3.0,51423
2021-03-15,2317,70166127,8428413588,120.0,122.0,118.5,121.0,1.0,35682
2021-03-16,2317,93898518,11496180042,121.5,123.5,121.0,123.0,2.0,46078
2021-03-17,2317,145610279,18331370516,123.5,128.0,123.0,126.0,3.0,75496
2021-03-18,2317,139458505,18102452005,128.0,131.5,128.0,129.5,3.5,70643
2021-03-19,2317,168584321,21042857494,127.0,127.0,123.5,123.5,-6.0,88025
2021-03-22,2317,110246598,14033692679,124.0,130.0,124.0,130.0,6.5,58130
2021-03-23,2317,114215010,15097213858,133.0,134.5,130.0,130.5,0.5,60873
2021-03-24,2317,83454915,10735343710,130.0,132.0,126.5,128.0,-2.5,49048
2021-03-25,2317,68884133,8771645445,127.0,129.5,125.5,126.5,-1.5,35440
2021-03-26,2317,53269507,6765454880,127.5,128.0,126.0,126.5,0.0,26855
2021-03-29,2317,41716728,5343103863,128.0,129.0,127.5,128.5,2.0,22188
2021-03-30,2317,47600474,6154998092,129.5,130.0,128.5,129.5,1.0,25886
2021-03-31,2317,132523915,16524687255,125.0,126.5,123.0,124.0,-5.5,80792
2021-04-01,2317,97942681,11979889015,124.5,125.5,120.5,121.5,-2.5,58865
2021-04-06,2317,42038412,5173429747,123.5,124.0,122.0,122.5,1.0,23481
2021-04-07,2317,34046989,4203938017,124.0,124.5,122.5,123.5,1.0,19722
2021-04-08,2317,39136758,4793168068,123.0,123.0,121.5,122.5,-1.0,22754
2021-04-09,2317,81190769,9840669741,123.0,123.0,120.0,120.0,-2.5,48261
2021-04-12,2317,69698881,8412790814,120.0,122.0,119.0,120.5,0.5,34745
2021-04-13,2317,49938841,6104468787,121.5,123.0,121.0,122.5,2.0,27114
2021-04-14,2317,53715724,6503412481,123.0,123.5,119.0,121.5,-1.0,30993
2021-04-15,2317,39721032,4787637644,121.0,121.0,119.5,121.0,-0.5,19434
2021-04-16,2317,53301304,6553729709,122.0,124.0,122.0,123.5,2.5,28744
2021-04-19,2317,32456085,3960275441,123.5,123.5,121.5,121.5,-2.0,20644
2021-04-20,2317,26315401,3200501050,121.5,122.0,121.0,122.0,0.5,16401
2021-04-21,2317,35462621,4268553354,121.0,121.5,120.0,120.0,-2.0,26330
2021-04-22,2317,68387339,8132044568,122.0,122.0,117.5,117.5,-2.5,48086
2021-04-23,2317,39536828,4672962184,117.0,119.0,117.0,119.0,1.5,21716
2021-04-26,2317,41610001,4920766189,119.5,120.0,117.5,117.5,-1.5,27201
2021-04-27,2317,54687858,6524558198,118.5,120.5,118.0,118.5,1.0,27876
2021-04-28,2317,39359343,4616990789,118.0,118.5,117.0,117.0,-1.5,28818
2021-04-29,2317,46015350,5394760734,118.0,118.5,116.0,116.0,-1.0,23471
2021-05-03,2317,72538032,8208678758,115.0,115.0,112.0,112.5,-3.5,41556
2021-05-04,2317,89596108,9800361771,112.0,112.0,107.5,108.5,-4.0,53065
2021-05-05,2317,65838793,7336678783,110.0,113.5,110.0,110.0,1.5,35566
2021-05-06,2317,38108953,4267799288,112.0,113.0,110.5,112.5,2.5,20913
2021-05-07,2317,60794976,7060345979,114.5,117.5,114.0,117.5,5.0,31435
2021-05-10,2317,41895494,4774715374,116.0,116.5,113.0,113.0,-4.5,25092
2021-05-11,2317,81061955,8760238578,109.5,110.0,106.0,107.0,-6.0,52353
2021-05-12,2317,150803046,15233688207,104.0,106.5,96.5,102.0,-5.0,81587
2021-05-13,2317,70831609,7257570159,99.5,105.0,98.2,103.0,1.0,37633
2021-05-14,2317,44125994,4625585079,105.0,106.0,103.5,104.5,1.5,24199
2021-05-17,2317,97655746,9727936586,100.0,102.0,97.1,98.2,-6.3,53058
2021-05-18,2317,81996675,8583172481,101.5,107.5,101.0,107.0,8.8,38862
2021-05-19,2317,47578836,5007165726,106.5,106.5,104.0,105.0,-2.0,22779
2021-05-20,2317,45667137,4830640300,105.0,106.5,104.5,106.0,1.0,17658
2021-05-21,2317,54294943,5915349127,108.0,110.0,108.0,109.5,3.5,24601
2021-05-24,2317,31185744,3397485475,108.5,110.0,108.0,109.5,0.0,15620
2021-05-25,2317,51415212,5763067348,111.0,113.0,110.5,112.0,2.5,24932
2021-05-26,2317,24843379,2770423040,113.5,113.5,110.5,111.5,-0.5,13505
2021-05-27,2317,61345941,6696631324,110.0,110.5,107.5,109.5,-2.0,18480
2021-05-28,2317,26999728,2990527150,110.5,111.5,110.0,111.0,1.5,12829
2021-05-31,2317,34363475,3879023225,112.0,113.5,111.5,113.5,2.5,18834
2021-06-01,2317,22421329,2559926686,114.5,115.0,113.5,114.5,1.0,14042
2021-06-02,2317,33224565,3741059700,115.0,115.5,111.0,112.0,-2.5,21467
2021-06-03,2317,24092372,2687851339,113.0,113.0,110.5,111.0,-1.0,12120
2021-06-04,2317,30062210,3321498146,110.0,112.5,109.0,112.0,1.0,16040
2021-06-07,2317,20456903,2266693907,112.5,112.5,109.0,110.5,-1.5,12472
2021-06-08,2317,18593259,2057056822,111.0,111.5,110.0,110.5,0.0,9979
2021-06-09,2317,23900252,2629388923,110.0,111.0,109.5,109.5,-1.0,12614
2021-06-10,2317,19385582,2147142899,110.0,111.5,109.5,110.5,1.0,8737
2021-06-11,2317,38750164,4379542303,111.5,114.5,111.5,113.5,3.0,19549
2021-06-15,2317,23669454,2669519218,113.5,114.5,112.0,113.0,-0.5,12539
2021-06-16,2317,24015917,2690279796,112.0,113.0,111.5,111.5,-1.5,13461
2021-06-17,2317,18216980,2029826374,110.5,113.0,110.0,113.0,1.5,11268
2021-06-18,2317,30836806,3448966642,112.5,113.0,111.5,111.5,-1.5,12120
2021-06-21,2317,35268628,3851837858,110.5,110.5,108.5,108.5,-3.0,25025
2021-06-22,2317,22187502,2420791691,109.5,110.0,108.5,108.5,0.0,11877
2021-06-23,2317,27861665,3077038861,109.0,112.0,108.5,111.5,3.0,14754
2021-06-24,2317,32245265,3633060884,111.5,114.0,111.0,113.0,1.5,14922
2021-06-25,2317,35822902,4085680684,114.0,115.0,113.0,113.0,0.0,19887
2021-06-28,2317,23851540,2668210950,113.0,113.5,111.0,111.5,-1.5,13223
2021-06-29,2317,17814779,1993813362,112.5,112.5,111.5,111.5,0.0,9753
2021-06-30,2317,31230317,3519673041,112.0,113.5,112.0,112.0,0.5,13468
2021-07-01,2317,16011423,1792574133,112.5,112.5,111.5,112.0,0.0,10028
2021-07-02,2317,16766612,1874444040,112.0,112.5,111.5,111.5,-0.5,10507
2021-07-05,2317,80686116,9296782029,112.5,117.0,112.0,117.0,5.5,40275
2021-07-06,2317,44138854,5138832378,116.5,117.5,115.5,116.5,-0.5,21534
2021-07-07,2317,28054333,3244332101,116.5,117.0,115.0,115.0,-1.5,15291
2021-07-08,2317,23917768,2762238298,115.0,116.5,115.0,115.5,0.5,11013
2021-07-09,2317,28610616,3258117138,114.5,115.0,113.0,114.0,-1.5,15481
2021-07-12,2317,17647120,2030742052,115.5,116.0,114.5,115.0,1.0,9603
2021-07-13,2317,36808740,4286001151,116.0,117.0,115.5,116.5,1.5,17750
2021-07-14,2317,27249198,3182976809,117.5,117.5,116.0,116.0,-0.5,14012
2021-07-15,2317,63085625,7493484174,117.0,120.0,116.5,119.5,3.5,30392
2021-07-16,2317,33812892,4017523761,118.5,119.5,118.0,119.5,0.0,16742
2021-07-19,2317,31942648,3738317961,118.5,119.0,116.0,116.5,-3.0,19463
2021-07-20,2317,26486822,3043884113,115.0,116.0,114.5,114.5,-2.0,17409
2021-07-21,2317,63825965,7250315923,116.0,116.0,112.0,112.5,-2.0,35175
2021-07-22,2317,60124515,6645106382,109.0,112.5,108.5,110.5,0.0,29073
2021-07-23,2317,21722648,2407842839,112.0,112.0,110.0,110.5,0.0,13034
2021-07-26,2317,33652939,3694569273,111.0,111.0,108.5,110.0,-0.5,17549
2021-07-27,2317,28379286,3153607081,111.0,112.0,110.0,111.5,1.5,12947
2021-07-28,2317,32814950,3604648055,110.5,111.0,109.0,110.5,-1.0,16826
2021-07-29,2317,20902566,2315628083,111.0,111.5,110.0,111.0,0.5,10101
2021-07-30,2317,29089453,3206014166,110.0,111.5,109.5,110.0,-1.0,11111
2021-08-02,2317,24500264,2735666103,111.0,113.0,110.0,113.0,3.0,11998
2021-08-03,2317,24697233,2753719080,112.5,113.0,110.5,111.5,-1.5,10293
2021-08-04,2317,21287183,2383267724,112.0,112.5,111.0,112.0,0.5,8393
2021-08-05,2317,20014604,2231990278,111.0,112.0,111.0,112.0,0.0,9708
2021-08-06,2317,41391590,4644148106,111.5,113.0,111.0,112.5,0.5,16500
2021-08-09,2317,23280701,2603188402,112.0,112.5,111.0,112.0,-0.5,8483
2021-08-10,2317,43432544,4759075067,111.5,112.0,108.5,108.5,-3.5,27993
2021-08-11,2317,49868351,5366409027,107.0,109.0,106.0,109.0,0.5,21961
2021-08-12,2317,18592236,2027562903,109.0,109.5,108.0,109.0,0.0,8730
2021-08-13,2317,46681998,5097311545,109.5,110.0,108.0,109.0,0.0,17924
2021-08-16,2317,35027999,3762459490,108.5,109.0,106.5,107.5,-1.5,16454
2021-08-17,2317,26076961,2788145927,107.5,108.0,106.0,106.5,-1.0,12893
2021-08-18,2317,36974897,3912990840,105.5,107.5,104.5,107.0,0.5,16564
2021-08-19,2317,52199317,5427105069,106.0,106.0,102.5,103.0,-4.0,31835
2021-08-20,2317,30552525,3181870656,104.0,106.0,102.0,104.5,1.5,14626
2021-08-23,2317,24065630,2572410231,105.5,108.0,105.5,107.5,3.0,10503
2021-08-24,2317,18000797,1953125584,108.5,109.0,107.5,109.0,1.5,9365
2021-08-25,2317,14477188,1568051183,109.0,109.0,107.5,108.5,-0.5,7852
2021-08-26,2317,13135805,1414850208,108.5,109.0,107.0,107.5,-1.0,7699
2021-08-27,2317,13875837,1495362654,107.5,108.5,106.5,108.0,0.5,6260
2021-08-30,2317,14000606,1515530387,108.5,109.0,107.5,109.0,1.0,7629
2021-08-31,2317,30641222,3368752300,108.5,111.0,108.0,111.0,2.0,10640
2021-09-01,2317,22374844,2481606824,111.0,112.0,110.0,111.0,0.0,11694
2021-09-02,2317,29727679,3315302873,111.0,113.0,110.5,111.5,0.5,14134
2021-09-03,2317,24501274,2747764310,112.0,113.0,111.5,112.5,1.0,12699
2021-09-06,2317,18445528,2059630802,112.5,113.0,110.5,111.0,-1.5,11402
2021-09-07,2317,23359117,2542208391,109.5,110.0,108.0,108.5,-2.5,14579
2021-09-08,2317,28705746,3100212882,108.5,109.5,107.0,107.5,-1.0,15013
2021-09-09,2317,20446876,2187406741,106.5,107.5,106.0,107.0,-0.5,9228
2021-09-10,2317,13324559,1435914081,107.0,108.5,107.0,108.0,1.0,7687
2021-09-13,2317,15455264,1652913445,107.5,108.0,106.5,106.5,-1.5,9602
2021-09-14,2317,19260856,2066358163,107.5,108.0,106.5,107.5,1.0,8249
2021-09-15,2317,64013002,7002242836,108.0,110.5,107.5,108.5,1.0,27970
2021-09-16,2317,23004506,2488329118,108.5,109.5,107.5,107.5,-1.0,11043
2021-09-17,2317,46682899,5061166381,107.5,109.5,107.0,108.5,1.0,10254
2021-09-22,2317,38855713,4142578220,106.5,107.5,106.0,107.0,-1.5,18533
2021-09-23,2317,18991583,2029833013,107.0,108.0,106.0,106.5,-0.5,9716
2021-09-24,2317,15366616,1652429167,107.5,108.0,107.0,107.5,1.0,7419
2021-09-27,2317,13936074,1502118415,107.0,108.5,107.0,107.5,0.0,7375
2021-09-28,2317,22319338,2378000921,107.0,107.5,106.0,106.5,-1.0,11238
2021-09-29,2317,32798414,3441324697,105.0,105.5,104.5,105.0,-1.5,26132
2021-09-30,2317,24317553,2554201387,105.0,106.0,104.0,105.0,0.0,11340
2021-10-01,2317,36074566,3737734962,104.5,105.0,103.0,103.0,-2.0,24649
2021-10-04,2317,25434032,2627827660,104.5,105.0,102.5,103.0,0.0,13424
2021-10-05,2317,43345161,4403998216,102.0,102.5,101.0,101.5,-1.5,24840
2021-10-06,2317,40294629,4180811261,103.5,104.5,103.0,103.0,1.5,17917
2021-10-07,2317,38383881,4075145593,104.5,107.0,104.0,107.0,4.0,18047
2021-10-08,2317,27568061,2961998681,107.5,108.0,106.5,108.0,1.0,12592
2021-10-12,2317,38777410,4082299711,106.5,107.0,104.5,105.0,-3.0,16707
2021-10-13,2317,18802301,1980524377,106.0,106.5,104.5,105.5,0.5,10776
2021-10-14,2317,17764699,1899471130,107.0,107.5,106.5,106.5,1.0,8638
2021-10-15,2317,49336872,5372684627,108.0,110.0,107.5,109.5,3.0,25187
2021-10-18,2317,42330142,4608902380,110.5,111.0,107.0,107.5,-2.0,22880
2021-10-19,2317,26479700,2845164375,108.5,109.0,106.5,107.0,-0.5,17559
2021-10-20,2317,29508905,3171041387,107.5,108.5,106.5,107.5,0.5,16183
2021-10-21,2317,30590262,3302542666,108.0,108.5,107.0,108.0,0.5,8301
2021-10-22,2317,14751899,1590679060,108.0,108.5,107.0,107.5,-0.5,7061
2021-10-25,2317,21266978,2300605515,107.5,109.0,107.0,108.0,0.5,9801
2021-10-26,2317,18109494,1970534065,108.5,109.5,108.0,109.0,1.0,8008
2021-10-27,2317,15933998,1722962751,109.0,109.0,107.5,108.0,-1.0,7865
2021-10-28,2317,14245290,1542758851,108.0,109.0,107.5,108.5,0.5,6112
2021-10-29,2317,20791860,2229495724,108.5,108.5,107.0,107.0,-1.5,10689
2021-11-01,2317,18216191,1951366670,108.0,108.0,106.5,106.5,-0.5,8368
2021-11-02,2317,21351175,2302658025,107.0,108.5,107.0,107.5,1.0,10361
2021-11-03,2317,12336039,1330768535,107.5,108.5,107.5,107.5,0.0,6756
2021-11-04,2317,11377672,1229646696,108.5,108.5,107.5,108.0,0.5,6193
2021-11-05,2317,17741997,1921456453,108.0,109.0,107.5,109.0,1.0,9600
2021-11-08,2317,20910258,2243805853,107.5,108.0,107.0,107.5,-1.5,11664
2021-11-09,2317,23994381,2581028511,107.5,108.0,107.0,108.0,0.5,10776
2021-11-10,2317,22997778,2501611468,108.0,109.5,107.5,109.0,1.0,12303
2021-11-11,2317,18767739,2023469603,108.5,109.0,107.5,107.5,-1.5,9980
2021-11-12,2317,26736055,2906574566,108.5,109.5,108.0,109.0,1.5,10665
2021-11-15,2317,25873466,2817874176,109.0,110.0,108.0,108.0,-1.0,11776
2021-11-16,2317,16174955,1751338074,108.5,109.0,108.0,108.0,0.0,8537
2021-11-17,2317,34385746,3691148900,108.5,108.5,106.5,107.0,-1.0,19788
2021-11-18,2317,30585311,3268987325,107.0,107.5,106.5,107.0,0.0,14109
2021-11-19,2317,20981372,2244077950,107.5,108.0,106.5,106.5,-0.5,13079
2021-11-22,2317,17929580,1914281840,107.0,107.5,106.5,106.5,0.0,8752
2021-11-23,2317,22502493,2389716981,106.5,107.0,106.0,106.0,-0.5,13646
2021-11-24,2317,30255836,3184629206,106.0,106.5,104.5,105.5,-0.5,21337
2021-11-25,2317,17940754,1893470344,106.5,106.5,105.0,105.0,-0.5,10674
2021-11-26,2317,24721253,2569062256,105.0,105.0,103.5,103.5,-1.5,21640
2021-11-29,2317,28063125,2910115330,103.0,105.5,102.5,103.5,0.0,16158
2021-11-30,2317,50063743,5204093799,104.0,105.5,103.0,103.5,0.0,14807
2021-12-01,2317,22533336,2368450389,103.5,106.0,103.5,105.5,2.0,10602
2021-12-02,2317,27492234,2908367984,105.0,107.0,105.0,105.0,-0.5,13471
2021-12-03,2317,18384929,1937921897,105.5,106.0,105.0,105.0,0.0,7487
2021-12-06,2317,22958298,2441979400,105.5,107.0,105.0,106.5,1.5,10190
2021-12-07,2317,25348727,2689552435,106.0,107.5,105.0,106.0,-0.5,14407
2021-12-08,2317,36805823,3895356586,106.5,107.0,105.0,105.0,-1.0,15734
2021-12-09,2317,15133685,1598487037,105.0,106.0,105.0,106.0,1.0,7128
2021-12-10,2317,20489274,2154660136,105.5,106.0,104.5,105.0,-1.0,10060
2021-12-13,2317,17647182,1852509797,105.0,106.0,104.5,104.5,-0.5,9436
2021-12-14,2317,22146940,2316525199,104.5,105.5,104.0,104.5,0.0,10561
2021-12-15,2317,23023808,2406720086,104.0,105.0,103.5,105.0,0.5,9288
2021-12-16,2317,37191946,3873098576,105.5,106.0,103.5,103.5,-1.5,17723
2021-12-17,2317,39330766,4071468879,103.5,104.0,103.0,103.5,0.0,13426
2021-12-20,2317,18272107,1885981860,103.5,104.0,103.0,103.0,-0.5,11526
2021-12-21,2317,13505921,1405710813,103.5,104.5,103.0,104.5,1.5,6955
2021-12-22,2317,11876421,1232165204,104.5,104.5,103.5,103.5,-1.0,7271
2021-12-23,2317,13909972,1445971691,104.0,104.5,103.5,104.0,0.5,6824
2021-12-24,2317,11661892,1217546724,104.5,105.0,104.0,104.0,0.0,7385
2021-12-27,2317,8907924,930190687,104.5,105.0,104.0,104.5,0.5,5644
2021-12-28,2317,15627624,1640980899,104.5,105.5,104.5,105.5,1.0,8247
2021-12-29,2317,13450079,1409325387,105.0,105.5,104.5,105.0,-0.5,7412
2021-12-30,2317,17090958,1782340385,104.5,105.0,104.0,104.0,-1.0,8360
2022-01-03,2317,22163293,2301355961,104.5,105.0,103.0,103.0,-1.0,14002
2022-01-04,2317,18460781,1912476375,104.0,104.0,103.0,103.5,0.5,11989
2022-01-05,2317,142927366,15545527529,104.0,111.0,103.5,109.0,5.5,65457
2022-01-06,2317,49399140,5297978610,108.0,108.5,106.0,107.0,-2.0,26343
2022-01-07,2317,39268835,4192632017,108.0,108.5,106.0,106.5,-0.5,15864
2022-01-10,2317,34836774,3658148684,106.0,106.5,104.0,104.5,-2.0,20396
2022-01-11,2317,26266891,2742382008,104.5,105.0,104.0,104.5,0.0,13414
2022-01-12,2317,18941505,1977481666,105.0,105.5,104.0,104.5,0.0,10532
2022-01-13,2317,19714232,2073574056,105.0,105.5,104.5,105.5,1.0,10057
2022-01-14,2317,39061978,4050449624,105.0,105.5,103.0,103.5,-2.0,25878
2022-01-17,2317,16235777,1683743255,103.5,104.5,103.5,103.5,0.0,8944
2022-01-18,2317,14894743,1548782389,104.5,104.5,103.5,103.5,0.0,9070
2022-01-19,2317,24064174,2496807090,103.5,104.5,103.0,103.5,0.0,12635
2022-01-20,2317,29541931,3053907659,103.5,104.0,103.0,103.0,-0.5,13904
2022-01-21,2317,34317926,3511235299,102.5,103.0,102.0,102.0,-1.0,22344
2022-01-24,2317,42011474,4340699854,103.0,104.5,102.5,103.0,1.0,18368
2022-01-25,2317,29251026,3002543422,103.0,103.5,102.0,103.0,0.0,16508
2022-01-26,2317,33435293,3422890628,103.0,103.5,102.0,102.0,-1.0,20822
2022-02-07,2317,34222573,3532074933,102.5,104.5,102.5,103.0,1.0,14794
2022-02-08,2317,43806303,4606162011,104.0,106.0,103.0,105.5,2.5,18295
2022-02-09,2317,23653775,2508012682,106.0,106.5,105.5,106.5,1.0,12452
2022-02-10,2317,20202759,2145700069,106.5,107.0,105.5,106.5,0.0,10184
2022-02-11,2317,16707627,1760438097,105.5,106.0,104.5,106.0,-0.5,9086
2022-02-14,2317,22517058,2344653736,105.0,105.0,103.5,104.0,-2.0,12120
2022-02-15,2317,13542993,1413403014,104.0,105.0,104.0,104.0,0.0,7665
2022-02-16,2317,13503882,1421385079,105.0,106.0,104.5,105.5,1.5,7625
2022-02-17,2317,25548971,2705371212,106.0,106.5,105.0,106.0,0.5,10473
2022-02-18,2317,11375198,1199705108,105.0,106.0,105.0,105.5,-0.5,6534
2022-02-21,2317,23535017,2494887566,105.0,107.0,104.5,106.0,0.5,9971
2022-02-22,2317,26135723,2730651445,105.0,105.5,104.0,104.5,-1.5,13000
2022-02-23,2317,14607481,1532153333,104.5,105.5,104.5,105.0,0.5,6820
2022-02-24,2317,47746141,4927652706,104.0,104.5,102.5,102.5,-2.5,25803
2022-02-25,2317,29911231,3082648052,103.0,103.5,102.5,103.0,0.5,12863
2022-03-01,2317,30997685,3241194164,104.0,105.5,103.5,104.5,1.5,10193
2022-03-02,2317,13856628,1447933122,104.0,105.0,104.0,104.5,0.0,7727
2022-03-03,2317,13875811,1454723635,105.0,105.5,104.5,104.5,0.0,6783
2022-03-04,2317,18504180,1930947109,104.0,105.0,103.5,105.0,0.5,8128
2022-03-07,2317,45910892,4729612213,104.0,104.0,102.5,102.5,-2.5,22699
2022-03-08,2317,61133394,6189736839,101.5,102.5,100.0,101.5,-1.0,38356
2022-03-09,2317,29548450,3008585959,102.0,102.5,101.5,101.5,0.0,17043
2022-03-10,2317,29400154,3033282899,103.0,104.0,102.5,103.0,1.5,12409
2022-03-11,2317,24223838,2504793316,103.0,104.0,102.5,103.5,0.5,9082
2022-03-14,2317,26933784,2774250224,103.0,104.0,102.5,102.5,-1.0,10301
2022-03-15,2317,31444438,3189574182,102.0,103.0,101.0,101.0,-1.5,16486
2022-03-16,2317,36150101,3657323884,101.5,102.5,100.0,101.5,0.5,18966
2022-03-17,2317,43672218,4532326631,103.5,104.5,103.0,104.0,2.5,16099
2022-03-18,2317,82471801,8685872459,105.0,106.0,103.5,106.0,2.0,19378
2022-03-21,2317,21258452,2237503189,106.0,106.5,104.5,104.5,-1.5,11458
2022-03-22,2317,21111299,2195813907,104.0,104.5,103.5,104.0,-0.5,9133
2022-03-23,2317,20090168,2107142071,104.5,105.5,104.0,105.5,1.5,9389
2022-03-24,2317,50697996,5397675520,105.0,108.0,104.5,106.5,1.0,25623
2022-03-25,2317,21198835,2253282800,106.5,107.0,106.0,106.0,-0.5,10670
2022-03-28,2317,19925357,2104511278,105.5,106.5,104.5,106.0,0.0,8885
2022-03-29,2317,17591342,1853051914,106.0,106.5,104.5,105.5,-0.5,10487
2022-03-30,2317,21868440,2308264334,106.0,106.0,105.0,105.5,0.0,9187
2022-03-31,2317,21500251,2280008116,106.0,106.5,105.5,106.0,0.5,7476
2022-04-01,2317,23640400,2476028386,105.0,105.5,104.5,104.5,-1.5,11333
2022-04-06,2317,31406042,3286232058,104.5,105.0,104.0,105.0,0.5,13404
2022-04-07,2317,37755211,3913045570,104.5,105.0,103.0,103.0,-2.0,23911
2022-04-08,2317,25228715,2595666790,103.0,103.5,102.5,103.0,0.0,16466
2022-04-11,2317,29147204,2980505593,103.0,103.5,101.5,102.0,-1.0,17667
2022-04-12,2317,17944652,1838013259,102.0,103.0,101.5,102.0,0.0,8667
2022-04-13,2317,15917450,1650449118,103.0,104.5,102.5,104.0,2.0,8164
2022-04-14,2317,8950642,932060147,104.0,104.5,103.5,104.0,0.0,4739
2022-04-15,2317,11788063,1218303498,103.5,104.0,103.0,103.0,-1.0,7425
2022-04-18,2317,11467286,1175593100,102.0,103.0,102.0,102.5,-0.5,6740
2022-04-19,2317,17733292,1817596133,103.0,103.5,102.0,102.0,-0.5,9035
2022-04-20,2317,19662727,2015778459,102.5,103.0,102.0,103.0,1.0,9913
2022-04-21,2317,18417433,1903089354,103.5,104.0,103.0,103.0,0.0,7548
2022-04-22,2317,16673991,1716622304,102.5,103.5,102.0,103.5,0.5,7495
2022-04-25,2317,41906690,4237319618,102.5,102.5,100.5,100.5,-3.0,30162
2022-04-26,2317,21726110,2193460471,101.0,101.5,100.5,101.0,0.5,11296
2022-04-27,2317,30138259,3016451382,99.9,100.5,99.7,100.0,-1.0,17635
2022-04-28,2317,29238494,2947263239,100.0,101.5,100.0,101.5,1.5,9370
2022-04-29,2317,16075115,1637797439,101.5,102.0,101.5,102.0,0.5,5885
2022-05-03,2317,17632994,1802733630,102.0,103.0,101.5,102.5,0.5,7921
2022-05-04,2317,31111663,3235058146,103.5,104.5,103.0,104.0,1.5,10754
2022-05-05,2317,44182291,4628347344,105.0,105.5,104.0,104.5,0.5,12418
2022-05-06,2317,27888783,2881440462,103.5,104.0,102.5,104.0,-0.5,10725
2022-05-09,2317,26841790,2779471215,103.5,104.0,103.0,104.0,0.0,8839
2022-05-10,2317,17928513,1856919197,103.0,104.0,102.5,104.0,0.0,8128
2022-05-11,2317,19699065,2037087206,103.5,104.0,103.0,103.0,-1.0,8733
2022-05-12,2317,22335157,2289193629,103.0,103.0,102.0,102.0,-1.0,13271
2022-05-13,2317,19748688,2047312222,104.0,104.0,103.0,104.0,2.0,8699
2022-05-16,2317,25235126,2630129235,104.0,104.5,103.5,104.5,0.5,9481
2022-05-17,2317,28505126,2987443219,104.5,105.0,104.0,105.0,0.5,10382
2022-05-18,2317,56423484,6011093630,105.5,107.0,105.0,107.0,2.0,27172
2022-05-19,2317,38150307,4058217532,105.5,107.5,105.0,107.5,0.5,18694
2022-05-20,2317,46344487,4999084485,107.5,109.0,107.0,107.0,-0.5,22702
2022-05-23,2317,34504056,3732164287,108.0,109.0,107.0,108.0,1.0,17625
2022-05-24,2317,37409126,4055836265,108.0,109.0,108.0,108.0,0.0,17990
2022-05-25,2317,77602667,8479699424,108.5,110.0,108.0,109.5,1.5,33228
2022-05-26,2317,40239038,4404353832,110.0,110.5,108.5,109.0,-0.5,21229
2022-05-27,2317,52655635,5809140386,110.0,111.0,109.5,110.0,1.0,21201
2022-05-30,2317,44021707,4841079725,110.5,111.0,109.0,110.5,0.5,18566
2022-05-31,2317,98246343,11021326677,111.0,113.0,110.0,113.0,2.5,35106
2022-06-01,2317,74240455,8507384291,112.5,116.0,112.0,114.5,1.5,35977
2022-06-02,2317,40493740,4654000679,114.5,116.0,113.5,114.0,-0.5,20147
2022-06-06,2317,36024843,4147464601,115.0,116.0,114.0,115.5,1.5,18252
2022-06-07,2317,37928495,4328936881,115.0,115.5,113.5,113.5,-2.0,20332
2022-06-08,2317,18702532,2133910077,114.5,115.0,113.5,114.0,0.5,10975
2022-06-09,2317,29946032,3438617821,114.0,115.5,113.5,115.5,1.5,13212
2022-06-10,2317,24455998,2798219698,115.0,115.0,114.0,114.0,-1.5,12183
2022-06-13,2317,45720589,5107246823,112.5,112.5,111.0,111.5,-2.5,23704
2022-06-14,2317,32230251,3576321970,110.0,112.5,110.0,111.5,0.0,14824
2022-06-15,2317,25173947,2820402492,112.5,112.5,111.5,112.0,0.5,11371
2022-06-16,2317,31674634,3556826569,113.5,113.5,110.5,111.5,-0.5,13942
2022-06-17,2317,51770484,5686050951,110.0,111.0,109.5,109.5,-2.0,28807
2022-06-20,2317,33567864,3676739596,110.0,110.5,108.5,109.0,-0.5,15595
2022-06-21,2317,38779129,4320466442,110.5,112.5,110.5,112.0,3.0,14609
2022-06-22,2317,31484183,3473065898,111.5,111.5,109.5,109.5,-2.5,13454
2022-06-23,2317,46046917,4995374241,110.5,110.5,107.5,108.0,-1.5,19795
2022-06-24,2317,29649132,3254328039,109.0,110.5,108.5,110.0,2.0,11362
2022-06-27,2317,26037844,2902463017,111.0,112.0,111.0,111.0,1.0,10969
2022-06-28,2317,28867008,3215018487,111.5,112.0,110.0,112.0,1.0,10443
2022-06-29,2317,35640396,3970267323,111.5,112.5,110.5,111.0,-1.0,11207
2022-06-30,2317,45967258,5036836151,110.5,111.0,109.0,109.0,-2.0,23664
2022-07-01,2317,63133602,6758749961,108.5,109.0,105.5,106.0,-3.0,32535
2022-07-04,2317,70995980,7140989017,100.5,102.0,99.5,100.0,0.0,32374
2022-07-05,2317,45713186,4669649468,102.0,103.0,101.0,102.5,2.5,20422
2022-07-06,2317,45875699,4653042441,103.0,103.5,100.5,100.5,-2.0,22660
2022-07-07,2317,41084778,4210411576,101.0,103.5,100.5,103.5,3.0,15382
2022-07-08,2317,35186757,3613971179,103.5,104.0,101.5,102.0,-1.5,15471
2022-07-11,2317,18971045,1917673836,102.0,102.0,100.5,101.0,-1.0,10175
2022-07-12,2317,26222208,2629265988,100.0,101.0,99.7,100.5,-0.5,13954
2022-07-13,2317,32354911,3333763591,103.0,103.5,102.5,102.5,2.0,15547
2022-07-14,2317,46239887,4831039581,102.5,106.0,102.5,105.0,2.5,18374
2022-07-15,2317,25505254,2682379312,105.0,106.0,104.5,105.0,0.0,10272
2022-07-18,2317,17083253,1789285264,105.0,105.5,104.0,105.0,0.0,8324
2022-07-19,2317,20535363,2138674698,104.5,105.0,103.5,104.0,-1.0,10417
2022-07-20,2317,35585856,3703922190,104.0,105.0,103.0,103.5,-0.5,17562
2022-07-21,2317,24149090,2529832035,104.0,105.5,103.5,105.5,2.0,9269
2022-07-22,2317,29400418,3117384373,105.5,106.5,105.0,106.0,0.5,11003
2022-07-25,2317,41471982,4448057977,106.0,108.0,105.5,107.5,1.5,14188
2022-07-26,2317,23277125,2508249267,108.0,108.5,107.0,108.0,0.5,10247
2022-07-27,2317,30876807,3344846475,108.5,109.5,107.5,108.0,0.0,13670
2022-07-28,2317,21932255,2378939021,109.0,109.0,108.0,108.5,0.5,11572
2022-07-29,2317,21951559,2389538354,109.0,109.5,108.5,109.0,0.5,9079
2022-08-01,2317,14996382,1629872946,108.5,109.0,108.0,109.0,0.0,7143
2022-08-02,2317,40743180,4375448073,108.0,108.0,106.5,108.0,-1.0,23127
2022-08-03,2317,31052217,3343751905,107.5,108.5,107.0,108.5,0.5,12003
2022-08-04,2317,40577638,4369634786,108.0,108.5,106.5,108.0,-0.5,15013
2022-08-05,2317,25350396,2748564050,108.5,109.0,108.0,108.0,0.0,10246
2022-08-08,2317,23526674,2528924473,107.0,108.0,106.5,108.0,0.0,10035
2022-08-09,2317,25851764,2801896212,108.0,109.0,107.0,109.0,1.0,12052
2022-08-10,2317,56629249,6226414995,109.0,111.0,108.0,110.0,1.0,21011
2022-08-11,2317,62481183,7007322071,111.5,113.0,110.5,113.0,3.0,28607
2022-08-12,2317,48654945,5500411046,113.0,114.0,112.0,112.5,-0.5,21376
2022-08-15,2317,29468828,3304752550,113.0,113.0,111.5,112.0,-0.5,13776
2022-08-16,2317,28989314,3220129668,112.0,112.0,110.5,111.0,-1.0,15650
2022-08-17,2317,33849726,3787892860,111.0,112.5,111.0,112.5,1.5,15653
2022-08-18,2317,26002863,2903643194,112.5,112.5,111.0,112.0,-0.5,8565
2022-08-19,2317,17707131,1971372238,111.5,112.0,111.0,111.0,-1.0,6899
2022-08-22,2317,16613929,1834457540,110.5,111.0,110.0,111.0,0.0,7788
2022-08-23,2317,18158910,1998932319,110.0,110.5,109.5,110.0,-1.0,8259
2022-08-24,2317,24754117,2713269554,110.5,111.0,109.0,109.5,-0.5,13931
2022-08-25,2317,14187366,1558328414,109.5,110.5,109.5,109.5,0.0,7050
2022-08-26,2317,17147941,1886254324,110.0,110.5,109.5,110.5,1.0,7974
2022-08-29,2317,27166245,2941811595,108.5,109.0,108.0,108.0,-2.5,15622
2022-08-30,2317,21904735,2374080779,108.5,109.0,108.0,108.5,0.5,9238
2022-08-31,2317,29733770,3228381242,108.0,109.5,107.5,109.0,0.5,11975
2022-09-01,2317,37780861,4063042055,108.0,108.5,107.0,107.5,-1.5,18455
2022-09-02,2317,17178614,1848950477,108.0,108.0,107.0,107.5,0.0,7327
2022-09-05,2317,23510808,2538564619,108.0,108.5,107.5,108.0,0.5,6211
2022-09-06,2317,16470152,1779506758,108.5,108.5,107.5,108.5,0.5,8119
2022-09-07,2317,32007211,3421330308,107.5,108.0,106.0,106.0,-2.5,18264
2022-09-08,2317,15510168,1656117929,107.0,107.0,106.0,107.0,1.0,6785
2022-09-12,2317,18494607,2002065443,108.5,109.0,107.5,108.5,1.5,8219
2022-09-13,2317,32868739,3602070045,109.0,110.5,108.5,110.0,1.5,12365
2022-09-14,2317,26601015,2865653445,107.5,108.5,107.0,107.5,-2.5,12413
2022-09-15,2317,17777392,1921785611,107.5,108.5,107.5,108.0,0.5,6869
2022-09-16,2317,37358400,4010943876,107.5,108.0,107.0,107.5,-0.5,10689
2022-09-19,2317,17257682,1845794832,107.5,108.0,106.5,107.0,-0.5,7763
2022-09-20,2317,26209523,2827366527,107.5,108.5,107.0,108.5,1.5,8429
2022-09-21,2317,25899668,2781298302,108.5,108.5,106.5,107.0,-1.5,11423
2022-09-22,2317,24170156,2579720303,106.5,107.5,106.0,107.0,0.0,8938
2022-09-23,2317,16305687,1739541489,107.0,107.5,106.0,106.5,-0.5,7187
2022-09-26,2317,41225652,4308616542,105.5,106.0,103.5,104.0,-2.5,25521
2022-09-27,2317,21421110,2220381066,104.0,104.5,103.0,103.5,-0.5,11725
2022-09-28,2317,49671045,5043131194,103.5,104.0,100.5,100.5,-3.0,30069
2022-09-29,2317,40492428,4109231315,101.5,102.5,101.0,101.5,1.0,16864
2022-09-30,2317,28211012,2856502539,100.0,102.0,100.0,102.0,0.5,11023
2022-10-03,2317,21183821,2143649886,101.0,102.0,100.5,101.0,-1.0,9540
2022-10-04,2317,17338770,1775289678,102.5,103.0,102.0,102.5,1.5,8375
2022-10-05,2317,52597518,5601502334,105.5,107.5,105.0,107.0,4.5,24801
2022-10-06,2317,28164289,3022608414,108.0,108.5,106.5,107.5,0.5,9528
2022-10-07,2317,22004516,2360964734,107.0,108.0,106.5,107.5,0.0,8626
2022-10-11,2317,37777028,3947147436,105.0,105.5,104.0,104.0,-3.5,17666
2022-10-12,2317,39428854,4078843113,104.0,104.5,102.5,103.0,-1.0,14435
2022-10-13,2317,32316574,3346175558,103.5,104.5,102.5,103.5,0.5,11606
2022-10-14,2317,25127634,2636770751,104.5,105.5,104.5,105.0,1.5,9995
2022-10-17,2317,28401379,2977431995,104.0,105.5,104.0,105.0,0.0,9575
2022-10-18,2317,39455842,4109787801,105.5,106.0,103.0,103.5,-1.5,19163
2022-10-19,2317,54152038,5612465128,104.0,105.0,103.0,103.0,-0.5,15893
2022-10-20,2317,58306844,5951493644,103.0,103.5,101.0,102.5,-0.5,22034
2022-10-21,2317,24536653,2524575133,102.5,103.5,102.0,103.5,1.0,8983
2022-10-24,2317,29141002,3013138437,104.5,104.5,102.5,103.0,-0.5,9666
2022-10-25,2317,38858324,3993757410,103.0,103.5,101.5,103.5,0.5,11904
2022-10-26,2317,28329890,2937155193,104.0,104.5,103.0,104.0,0.5,8880
2022-10-27,2317,31344230,3275026065,105.0,105.0,104.0,104.0,0.0,8827
2022-10-28,2317,22278147,2313697404,104.5,104.5,103.0,104.0,0.0,9030
2022-10-31,2317,53476790,5461306704,101.5,103.0,101.5,102.5,-1.5,16740
2022-11-01,2317,52125801,5282805586,101.5,102.0,100.5,101.5,-1.0,26058
2022-11-02,2317,35124774,3566618886,101.5,102.0,101.0,102.0,0.5,12819
2022-11-03,2317,42249526,4267316533,101.0,101.5,100.5,101.0,-1.0,17786
2022-11-04,2317,49148814,4918094984,100.0,101.0,99.5,100.5,-0.5,33397
2022-11-07,2317,40826295,4088713099,100.5,101.0,99.8,100.0,-0.5,23472
2022-11-08,2317,30439852,3046907124,100.0,100.5,100.0,100.0,0.0,17953
2022-11-09,2317,42446062,4313824989,100.0,102.5,100.0,102.5,2.5,17078
2022-11-10,2317,39874839,4016631941,101.0,101.5,100.5,100.5,-2.0,20790
2022-11-11,2317,90276048,9085057365,101.5,102.5,100.0,100.0,-0.5,44969
2022-11-14,2317,67217227,6754151364,99.5,101.5,99.5,101.5,1.5,24864
2022-11-15,2317,47027211,4779761515,101.5,102.5,101.0,101.5,0.0,16800
2022-11-16,2317,46862982,4768522978,101.5,102.5,101.0,101.5,0.0,20569
2022-11-17,2317,26583078,2695972528,101.5,102.0,101.0,101.5,0.0,12390
2022-11-18,2317,45343250,4593844884,101.5,102.5,100.5,100.5,-1.0,23533
2022-11-21,2317,30472000,3062313373,101.0,101.5,100.0,100.0,-0.5,15281
2022-11-22,2317,28582534,2864959737,100.0,100.5,100.0,100.5,0.5,15095
2022-11-23,2317,32079101,3239173343,101.0,101.5,100.5,100.5,0.0,15745
2022-11-24,2317,42611350,4279895317,100.5,101.0,100.0,101.0,0.5,21615
2022-11-25,2317,35032161,3524752085,100.5,101.0,100.0,100.5,-0.5,16153
2022-11-28,2317,47154746,4716021374,100.5,100.5,99.6,100.0,-0.5,25143
2022-11-29,2317,34334057,3434389648,100.0,100.5,99.7,100.0,0.0,19657
2022-11-30,2317,89148734,8977234174,100.5,101.5,100.0,100.5,0.5,17838
2022-12-01,2317,68347930,7001482266,101.5,103.0,101.5,103.0,2.5,25731
2022-12-02,2317,77966393,8196980095,103.0,106.0,103.0,105.5,2.5,37773
2022-12-05,2317,46083936,4890939475,106.5,107.0,105.5,105.5,0.0,21284
2022-12-06,2317,55270666,5718145431,104.0,104.5,102.5,103.0,-2.5,28597
2022-12-07,2317,44811782,4602965359,102.5,104.0,102.0,102.0,-1.0,22576
2022-12-08,2317,31027361,3161754629,102.0,102.5,101.5,101.5,-0.5,17802
2022-12-09,2317,33294761,3406859417,102.5,103.0,102.0,102.0,0.5,11747
2022-12-12,2317,19498779,1982855426,102.0,102.0,101.0,102.0,0.0,9634
2022-12-13,2317,34807666,3530853812,102.0,102.5,101.0,101.0,-1.0,16396
2022-12-14,2317,24772267,2530062580,101.5,102.5,101.0,102.5,1.5,9297
2022-12-15,2317,27539463,2802889858,101.5,102.5,101.5,101.5,-1.0,10331
2022-12-16,2317,72581761,7307497834,100.5,101.5,100.0,100.5,-1.0,27944
2022-12-19,2317,29579834,2990882519,100.5,102.0,100.5,101.5,1.0,10973
2022-12-20,2317,45367320,4556752819,101.0,101.5,100.0,100.0,-1.5,21274
2022-12-21,2317,28064923,2815313181,101.0,101.0,100.0,100.0,0.0,13945
2022-12-22,2317,21298650,2147374947,101.0,101.0,100.5,101.0,1.0,7969
2022-12-23,2317,15490469,1557178104,100.0,101.0,100.0,101.0,0.0,6696
2022-12-26,2317,8798497,887900694,101.5,101.5,100.5,101.0,0.0,5888
2022-12-27,2317,8915931,897847206,101.0,101.5,100.5,100.5,-0.5,5964
2022-12-28,2317,23260583,2332393166,100.5,100.5,100.0,100.5,0.0,12398
2022-12-29,2317,38383359,3829311707,100.0,100.0,99.5,99.7,-0.8,36241
2022-12-30,2317,18189761,1818159658,100.0,100.5,99.8,99.9,0.2,9852
2023-01-03,2317,47341828,4674470643,99.9,99.9,98.0,99.1,-0.8,37746
2023-01-04,2317,42812802,4206947798,98.0,98.7,98.0,98.1,-1.0,34793
2023-01-05,2317,37046103,3637807642,98.1,98.9,98.0,98.0,-0.1,26593
2023-01-06,2317,20649438,2035341101,98.3,98.8,98.3,98.4,0.4,16660
2023-01-09,2317,34166209,3390702893,99.2,99.6,98.9,99.1,0.7,19622
2023-01-10,2317,21706054,2157139787,99.4,99.8,99.1,99.4,0.3,10304
2023-01-11,2317,22096447,2195950633,99.8,99.8,99.1,99.1,-0.3,10725
2023-01-12,2317,22014869,2179239269,99.1,99.5,98.6,98.6,-0.5,15225
2023-01-13,2317,18652790,1845839426,99.0,99.5,98.6,98.6,0.0,11985
2023-01-16,2317,32736172,3226475964,98.6,99.2,98.1,98.1,-0.5,24717
2023-01-17,2317,28810658,2829914291,98.2,98.5,98.1,98.1,0.0,18708
2023-01-30,2317,88808349,8751639423,99.6,99.7,98.0,98.1,0.0,47704
2023-01-31,2317,82451939,8235695667,98.3,101.0,98.2,99.7,1.6,31359
2023-02-01,2317,40082663,4014650015,100.5,101.0,99.8,100.0,0.3,16606
2023-02-02,2317,51715604,5183855801,100.5,101.0,100.0,100.0,0.0,24174
2023-02-03,2317,43915390,4379946034,100.0,100.5,99.5,99.6,-0.4,24321
2023-02-06,2317,50479656,5122110765,100.5,102.0,100.5,101.5,1.9,23715
2023-02-07,2317,31412710,3171480698,102.0,102.0,100.5,100.5,-1.0,16026
2023-02-08,2317,25572350,2572849160,100.5,101.0,100.5,100.5,0.0,12039
2023-02-09,2317,29347314,2961597502,100.5,101.5,100.0,101.0,0.5,11842
2023-02-10,2317,25620289,2599062864,101.5,102.0,100.5,101.5,0.5,12161
2023-02-13,2317,18497222,1875032750,101.5,102.0,101.0,101.0,-0.5,8575
2023-02-14,2317,18440692,1877679340,101.5,102.0,101.5,102.0,1.0,10403
2023-02-15,2317,38436177,3925070338,102.0,102.5,101.5,102.5,0.5,17123
2023-02-16,2317,39872101,4115677752,103.0,103.5,102.5,103.5,1.0,18244
2023-02-17,2317,28987254,2989845607,103.0,103.5,102.5,103.5,0.0,13156
2023-02-20,2317,22229942,2291386991,103.5,104.0,102.5,103.0,-0.5,13457
2023-02-21,2317,13906642,1427077845,102.5,103.0,102.5,102.5,-0.5,8104
2023-02-22,2317,26465654,2693882799,102.0,102.5,101.5,102.0,-0.5,12340
2023-02-23,2317,20893415,2146712771,102.0,103.0,102.0,103.0,1.0,9364
2023-02-24,2317,54293618,5520468409,103.0,103.5,101.0,101.0,-2.0,24077
2023-03-01,2317,48149835,4893501805,100.0,103.0,100.0,102.0,1.0,14119
2023-03-02,2317,27936296,2858642381,102.5,103.0,101.5,102.5,0.5,9933
2023-03-03,2317,29276021,3019226308,103.5,104.0,102.5,102.5,0.0,12785
2023-03-06,2317,38599819,3995898779,103.0,104.0,102.5,103.5,1.0,18452
2023-03-07,2317,72773055,7636342931,103.5,106.0,103.5,105.0,1.5,32304
2023-03-08,2317,31871831,3327789129,104.5,105.0,104.0,104.0,-1.0,15640
2023-03-09,2317,62246571,6408341852,104.0,104.5,102.0,102.5,-1.5,26740
2023-03-10,2317,28023340,2855815664,102.0,102.5,101.5,102.0,-0.5,14965
2023-03-13,2317,23735276,2433153486,102.0,103.5,101.5,103.0,1.0,10260
2023-03-14,2317,32014406,3267067677,102.0,102.5,101.5,102.0,-1.0,12409
2023-03-15,2317,21152568,2169924790,102.5,103.0,102.0,102.5,0.5,11367
2023-03-16,2317,27823368,2851039319,102.5,103.0,102.0,102.0,-0.5,12437
2023-03-17,2317,62542797,6479829076,103.0,104.5,102.5,103.5,1.5,19122
2023-03-20,2317,21491112,2210421080,103.5,104.0,102.5,102.5,-1.0,10314
2023-03-21,2317,21169729,2193540108,103.0,104.0,103.0,103.5,1.0,10812
2023-03-22,2317,22619832,2345556939,103.5,104.5,103.0,103.5,0.0,9328
2023-03-23,2317,32467261,3366040153,103.0,104.5,103.0,103.5,0.0,10373
2023-03-24,2317,70639353,7416784272,104.5,106.0,104.0,105.5,2.0,25165
2023-03-27,2317,33360546,3472600020,105.0,105.5,103.5,103.5,-2.0,15606
2023-03-28,2317,24536833,2536665378,104.0,104.0,103.0,103.0,-0.5,11298
2023-03-29,2317,21518974,2227326554,103.0,104.0,103.0,103.5,0.5,8803
2023-03-30,2317,23644023,2461031108,104.0,104.5,103.5,104.5,1.0,7085
2023-03-31,2317,18383489,1916810351,104.5,105.0,104.0,104.0,-0.5,7879
2023-04-06,2317,39285783,4091954496,104.5,105.5,103.0,103.5,-0.5,16621
2023-04-07,2317,11913773,1231720055,104.0,104.0,103.0,103.0,-0.5,7332
2023-04-10,2317,12576290,1298176099,103.0,104.0,103.0,103.0,0.0,8531
2023-04-11,2317,29392861,3036301674,103.5,104.0,103.0,103.5,0.5,12528
2023-04-12,2317,20658342,2125490764,103.5,103.5,102.5,102.5,-1.0,14522
2023-04-13,2317,23559745,2424959743,102.5,103.5,102.5,103.0,0.5,11631
2023-04-14,2317,25764557,2679788131,104.0,104.5,103.0,104.5,1.5,12224
2023-04-17,2317,15419355,1604349556,104.5,104.5,103.5,104.0,-0.5,8478
2023-04-18,2317,16151848,1682286478,104.0,104.5,103.5,104.5,0.5,7834
2023-04-19,2317,18893968,1965342220,104.5,104.5,103.5,104.0,-0.5,10653
2023-04-20,2317,19945258,2079062205,103.5,104.5,103.5,104.5,0.5,8798
2023-04-21,2317,33085440,3461031076,105.0,105.5,104.0,104.0,-0.5,12670
2023-04-24,2317,18482135,1918190124,104.0,104.5,103.5,103.5,-0.5,8082
2023-04-25,2317,29981837,3096473866,103.5,104.0,103.0,103.0,-0.5,12350
2023-04-26,2317,34093936,3537109209,103.0,104.5,103.0,103.5,0.5,12389
2023-04-27,2317,16743295,1732575022,103.5,104.0,103.0,103.5,0.0,7135
2023-04-28,2317,19643921,2046209314,104.0,104.5,103.5,104.5,1.0,6696
2023-05-02,2317,50296436,5301337184,104.5,106.0,104.0,106.0,1.5,22045
2023-05-03,2317,27017028,2851879362,105.5,106.0,105.0,105.5,-0.5,10815
2023-05-04,2317,12816496,1348173051,105.5,105.5,105.0,105.0,-0.5,8061
2023-05-05,2317,12635718,1326313874,105.0,105.5,104.5,105.0,0.0,6031
2023-05-08,2317,10633215,1118390878,105.5,106.0,105.0,105.0,0.0,6543
2023-05-09,2317,40822363,4326837704,105.0,107.0,104.5,106.5,1.5,17889
2023-05-10,2317,17540555,1865834176,106.5,107.0,106.0,106.5,0.0,8986
2023-05-11,2317,21870548,2310508079,106.5,107.0,105.0,105.0,-1.5,9864
2023-05-12,2317,72076682,7398358087,103.5,104.0,102.0,102.5,-2.5,35447
2023-05-15,2317,28337659,2894073030,102.5,103.0,102.0,102.0,-0.5,18204
2023-05-16,2317,42174115,4319139417,102.5,103.0,102.0,102.0,0.0,20186
2023-05-17,2317,38916253,3990558925,102.0,103.0,102.0,102.5,0.5,19396
2023-05-18,2317,27750265,2859066325,103.0,103.5,102.5,103.0,0.5,11029
2023-05-19,2317,33713208,3461854482,103.0,103.0,102.0,103.0,0.0,12566
2023-05-22,2317,18170383,1866853138,102.5,103.0,102.5,103.0,0.0,9157
2023-05-23,2317,22258821,2285492765,103.0,103.0,102.5,102.5,-0.5,10188
2023-05-24,2317,16034234,1647545401,102.5,103.0,102.5,103.0,0.5,9002
2023-05-25,2317,26400866,2710347354,102.5,103.5,102.5,102.5,-0.5,13709
2023-05-26,2317,36602590,3748110490,102.5,103.0,102.0,102.5,0.0,17727
2023-05-29,2317,79007460,8268281823,103.5,106.0,103.0,105.5,3.0,28339
2023-05-30,2317,88779354,9504107532,106.5,108.0,106.0,107.0,1.5,41319
2023-05-31,2317,59443196,6330618253,107.5,107.5,105.5,106.5,-0.5,19843
2023-06-01,2317,46558650,4996062921,106.5,108.0,106.0,108.0,1.5,19267
2023-06-02,2317,53924446,5829505836,108.5,109.0,107.5,108.0,0.0,21889
2023-06-05,2317,24624081,2653815411,108.5,108.5,107.0,107.5,-0.5,12713
2023-06-06,2317,36383280,3882385473,107.0,107.5,106.0,107.0,-0.5,13826
2023-06-07,2317,22459238,2417445504,107.5,108.0,107.0,108.0,1.0,9840
2023-06-08,2317,17392265,1866463325,108.0,108.0,107.0,107.0,-1.0,9944
2023-06-09,2317,16744580,1803462864,107.5,108.0,107.0,108.0,1.0,8347
2023-06-12,2317,98652902,10866249777,108.0,112.0,107.5,110.5,2.5,40913
2023-06-13,2317,70173913,7888170176,111.0,113.0,111.0,112.5,2.0,34877
2023-06-14,2317,36488322,4102517677,112.5,113.0,111.5,112.5,0.0,17554
2023-06-15,2317,35696946,3986611487,112.5,113.0,111.0,111.5,-1.0,18814
2023-06-16,2317,47565732,5306261172,111.5,112.5,111.0,111.0,-0.5,16319
2023-06-19,2317,25243032,2832301801,111.5,113.0,111.0,112.5,1.5,12614
2023-06-20,2317,30784850,3463018660,113.0,113.5,111.5,112.5,0.0,11952
2023-06-21,2317,34892673,3931657328,112.5,113.0,112.0,113.0,0.5,17874
2023-06-26,2317,100474885,11551510415,113.5,116.0,113.0,115.5,2.5,36472
2023-06-27,2317,67357566,7750488365,116.0,116.5,114.0,114.0,-1.5,25369
2023-06-28,2317,45726557,5262217985,114.5,116.0,114.5,115.0,1.0,19399
2023-06-29,2317,39965191,4562815301,116.0,116.0,113.0,113.0,-2.0,23356
2023-06-30,2317,48499554,5448631430,113.0,113.0,111.0,113.0,0.0,22524
2023-07-03,2317,88011450,10089020094,114.0,115.0,113.5,115.0,2.0,32871
2023-07-04,2317,88850920,9848987145,112.0,112.5,109.5,110.0,0.0,46037
2023-07-05,2317,51570862,5599325907,110.0,110.5,107.5,108.5,-1.5,33413
2023-07-06,2317,70071473,7440779674,107.5,107.5,105.0,105.5,-3.0,41285
2023-07-07,2317,30868905,3247695283,105.0,106.0,104.5,105.5,0.0,18448
2023-07-10,2317,25044324,2631065877,105.5,106.0,104.5,104.5,-1.0,17505
2023-07-11,2317,23862651,2503776581,105.0,105.5,104.5,105.0,0.5,13567
2023-07-12,2317,37780699,4033895506,105.0,107.5,105.0,107.5,2.5,15229
2023-07-13,2317,30341999,3278152117,108.5,109.0,107.0,107.0,-0.5,14701
2023-07-14,2317,43454213,4702063534,107.5,109.5,106.5,109.5,2.5,18981
2023-07-17,2317,41502082,4572570706,110.0,111.0,109.5,110.5,1.0,17109
2023-07-18,2317,52688441,5894531944,110.5,113.5,110.0,112.0,1.5,25727
2023-07-19,2317,54967023,6055023271,113.0,113.5,108.0,108.5,-3.5,26548
2023-07-20,2317,33167955,3600029166,109.0,110.0,107.5,108.0,-0.5,13586
2023-07-21,2317,25278976,2715559372,107.0,108.5,106.5,107.5,-0.5,10913
2023-07-24,2317,19896359,2146631209,108.0,108.5,107.0,108.0,0.5,9411
2023-07-25,2317,61862737,6856399236,108.5,112.0,108.5,112.0,4.0,25155
2023-07-26,2317,30223635,3373004998,112.0,112.5,111.0,111.5,-0.5,18007
2023-07-27,2317,32278647,3590682916,112.0,113.0,110.5,110.5,-1.0,18735
2023-07-28,2317,23255646,2555161402,110.5,111.0,109.5,109.5,-1.0,15209
2023-07-31,2317,30730719,3355672410,110.5,111.0,108.5,108.5,-1.0,14355
2023-08-01,2317,24113256,2653917873,109.5,111.0,109.0,110.5,2.0,9945
2023-08-02,2317,34095728,3706374022,110.0,110.5,108.0,108.0,-2.5,20180
2023-08-04,2317,40122815,4419908982,109.0,111.0,109.0,111.0,3.0,16129
2023-08-07,2317,45621252,5055979980,112.0,112.5,109.5,109.5,-1.5,20471
2023-08-08,2317,29311389,3236790526,110.5,111.0,109.5,110.5,1.0,10143
2023-08-09,2317,20468574,2265522164,110.5,111.5,110.0,110.5,0.0,9312
2023-08-10,2317,22401300,2462848227,111.0,111.0,109.5,110.0,-0.5,9959
2023-08-11,2317,22854757,2490127311,110.0,110.5,108.5,108.5,-1.5,14053
2023-08-14,2317,30169722,3309279031,109.5,110.5,109.0,110.0,1.5,13517
2023-08-15,2317,64762274,6974932952,108.0,109.0,107.0,107.0,-3.0,36735
2023-08-16,2317,44390097,4696567368,106.5,106.5,105.0,105.5,-1.5,27924
2023-08-17,2317,24753076,2631718597,105.5,107.0,105.5,106.5,1.0,10441
2023-08-18,2317,17412067,1848910219,106.5,107.0,105.5,106.0,-0.5,11848
2023-08-21,2317,10884357,1154268088,106.5,107.0,105.5,106.0,0.0,7109
2023-08-22,2317,13225842,1408358404,106.5,107.0,106.0,106.5,0.5,6142
2023-08-23,2317,16581083,1768910267,106.5,107.5,106.0,106.5,0.0,6682
2023-08-24,2317,51036295,5583078102,109.0,110.5,108.5,109.5,3.0,21344
2023-08-25,2317,21353911,2312509951,108.5,109.0,108.0,108.0,-1.5,9503
2023-08-28,2317,16852420,1827707759,108.5,109.0,108.0,108.0,0.0,8352
2023-08-29,2317,64563484,6850480774,108.0,108.5,105.0,106.0,-2.0,29666
2023-08-30,2317,20861174,2217019155,106.5,107.0,106.0,106.0,0.0,10060
2023-08-31,2317,57884785,6155654231,106.0,107.0,105.5,106.5,0.5,10679
2023-09-01,2317,14106975,1510351150,106.5,107.5,106.5,107.5,1.0,6817
2023-09-04,2317,21399910,2279496433,107.5,108.0,105.5,106.5,-1.0,10338
2023-09-05,2317,13947190,1486693623,106.5,107.0,106.0,107.0,0.5,5467
2023-09-06,2317,17723586,1882250089,106.5,107.0,106.0,106.0,-1.0,10036
2023-09-07,2317,14703513,1553316168,106.0,106.0,105.5,105.5,-0.5,9238
2023-09-08,2317,12232593,1290143049,105.5,106.0,105.0,106.0,0.5,8184
2023-09-11,2317,17970490,1892009180,106.0,106.0,105.0,105.0,-1.0,11073
2023-09-12,2317,29936070,3197367679,106.0,107.5,105.5,107.5,2.5,10719
2023-09-13,2317,18447173,1957599943,107.0,107.5,105.5,106.0,-1.5,8124
2023-09-14,2317,15925971,1696098318,106.5,107.0,106.0,106.5,0.5,7901
2023-09-15,2317,35796358,3800337901,106.5,107.0,106.0,106.0,-0.5,11524
2023-09-18,2317,19458299,2065336849,106.0,106.5,105.5,106.5,0.5,8648
2023-09-19,2317,13864956,1482205613,106.5,107.5,106.5,106.5,0.0,7128
2023-09-20,2317,19168653,2037961517,106.5,107.0,106.0,106.0,-0.5,10432
2023-09-21,2317,22481559,2367772067,106.0,106.5,105.0,105.0,-1.0,14523
2023-09-22,2317,15164145,1593608220,105.0,105.5,105.0,105.0,0.0,8678
2023-09-25,2317,16714643,1759692944,105.5,106.0,105.0,105.5,0.5,9163
2023-09-26,2317,30615520,3199617720,105.0,105.5,104.0,104.0,-1.5,20954
2023-09-27,2317,16571407,1721873446,104.0,104.5,103.5,104.0,0.0,12931
2023-09-28,2317,24489178,2538919585,104.5,104.5,103.0,104.0,0.0,15612
2023-10-02,2317,13980808,1462459227,104.0,105.0,104.0,104.5,0.5,7239
2023-10-03,2317,17720597,1843275774,104.0,104.5,103.5,104.0,-0.5,9751
2023-10-04,2317,27864693,2867342618,103.0,103.5,102.5,103.0,-1.0,18392
2023-10-05,2317,16777516,1734010040,103.0,104.0,103.0,103.5,0.5,8814
2023-10-06,2317,28202817,2970616668,105.0,106.0,104.5,105.5,2.0,12925
2023-10-11,2317,39153271,4154453547,106.5,106.5,105.5,106.0,0.5,13879
2023-10-12,2317,30018890,3205481301,106.5,107.0,106.0,107.0,1.0,11222
2023-10-13,2317,27592508,2953567748,107.0,107.5,106.0,107.5,0.5,9635
2023-10-16,2317,17539617,1875705357,107.0,107.5,106.5,107.0,-0.5,8617
2023-10-17,2317,17843132,1906762803,107.5,108.0,106.5,106.5,-0.5,8336
2023-10-18,2317,28734757,3035342968,106.0,106.5,105.0,105.5,-1.0,13667
2023-10-19,2317,42470168,4409816317,105.0,105.5,103.0,103.5,-2.0,20878
2023-10-20,2317,33199943,3441469923,103.0,104.5,103.0,103.5,0.0,13143
2023-10-23,2317,84175293,8487114330,102.0,102.0,100.0,100.5,-3.0,52609
2023-10-24,2317,113705847,11205467571,99.8,99.8,97.3,98.3,-2.2,87571
2023-10-25,2317,41361487,4096713022,98.3,99.5,98.3,99.0,0.7,30692
2023-10-26,2317,42562225,4188969892,98.3,98.7,98.0,98.5,-0.5,27214
2023-10-27,2317,33549955,3300859897,98.5,98.9,98.2,98.2,-0.3,21702
2023-10-30,2317,139233228,13257335235,98.3,98.5,94.0,94.5,-3.7,116153
2023-10-31,2317,63987716,6153398199,95.1,96.9,95.1,96.5,2.0,35607
2023-11-01,2317,26792559,2570478042,96.4,96.5,95.6,95.6,-0.9,21619
2023-11-02,2317,25319099,2450735413,96.2,97.4,96.0,97.0,1.4,17294
2023-11-03,2317,44283856,4236360020,95.8,96.2,95.2,95.8,-1.2,40355
2023-11-06,2317,39193519,3794411528,96.2,97.7,96.2,96.4,0.6,23895
2023-11-07,2317,28714421,2753863793,96.4,96.8,95.5,96.1,-0.3,23562
2023-11-08,2317,20362795,1971844942,95.7,97.4,95.7,97.0,0.9,13149
2023-11-09,2317,31177239,3053579951,97.4,98.4,97.3,97.9,0.9,20430
2023-11-10,2317,16713387,1626270416,97.9,98.0,97.0,97.2,-0.7,15312
2023-11-13,2317,18461159,1806009405,97.8,98.4,97.5,97.7,0.5,13027
2023-11-14,2317,47364152,4734302962,98.4,101.0,98.2,100.0,2.3,27140
2023-11-15,2317,51481834,5164217515,100.5,101.5,99.8,100.5,0.5,26562
2023-11-16,2317,31965062,3226643998,101.0,101.5,100.5,101.0,0.5,14473
2023-11-17,2317,47314771,4852922519,101.5,103.5,101.0,102.5,1.5,23755
2023-11-20,2317,29960033,3035807810,102.5,102.5,101.0,101.0,-1.5,12951
2023-11-21,2317,37190582,3790855390,102.0,102.5,101.0,102.5,1.5,16512
2023-11-22,2317,28562720,2935360945,103.0,104.0,102.0,102.0,-0.5,12646
2023-11-23,2317,24125544,2455999116,102.5,103.0,101.0,101.5,-0.5,10895
2023-11-24,2317,22653476,2301261787,102.0,102.5,101.0,101.5,0.0,9218
2023-11-27,2317,24041482,2455162105,102.5,103.0,101.5,101.5,0.0,11758
2023-11-28,2317,29821679,3055254883,102.0,103.0,102.0,102.5,1.0,11499
2023-11-29,2317,34373056,3510103840,102.5,103.0,101.5,102.0,-0.5,12370
2023-11-30,2317,44645586,4534045899,102.0,102.5,101.0,101.5,-0.5,10505
2023-12-01,2317,27879140,2807464674,101.0,101.5,100.5,100.5,-1.0,17492
2023-12-04,2317,14873417,1499633313,101.0,101.5,100.5,101.0,0.5,8102
2023-12-05,2317,22028554,2223432776,101.0,102.0,100.5,101.0,0.0,8926
2023-12-06,2317,15438431,1562479107,101.5,102.0,101.0,101.0,0.0,7905
2023-12-07,2317,14143974,1428146272,101.0,101.5,100.5,101.0,0.0,7132
2023-12-08,2317,16171663,1639620507,101.0,102.0,101.0,101.5,0.5,6795
2023-12-11,2317,25693233,2593695579,101.5,102.0,100.5,101.0,-0.5,11857
2023-12-12,2317,21061040,2125989733,101.0,101.5,100.5,101.0,0.0,8493
2023-12-13,2317,15245857,1537987053,100.5,101.5,100.5,101.0,0.0,7389
2023-12-14,2317,32842321,3338175011,101.5,102.0,101.0,102.0,1.0,12087
2023-12-15,2317,41228565,4180365912,101.5,102.0,101.0,101.5,-0.5,13318
2023-12-18,2317,28168793,2865746536,101.5,102.0,101.0,102.0,0.5,12178
2023-12-19,2317,32970317,3364490305,102.0,102.5,101.5,102.5,0.5,11744
2023-12-20,2317,54775393,5673101084,102.5,104.5,102.5,104.5,2.0,25178
2023-12-21,2317,34981356,3610901992,103.0,103.5,102.5,103.5,-1.0,11089
2023-12-22,2317,23874742,2467566999,103.5,104.0,103.0,103.5,0.0,8311
2023-12-25,2317,11452984,1185902142,103.5,104.0,103.0,103.5,0.0,5585
2023-12-26,2317,10038346,1040821927,104.0,104.0,103.5,104.0,0.5,5211
2023-12-27,2317,19101096,1978512501,104.0,104.0,103.0,103.5,-0.5,8997
2023-12-28,2317,23454232,2432149853,103.5,104.0,103.0,104.0,0.5,10532
2023-12-29,2317,26228159,2736716660,104.0,105.0,103.5,104.5,0.5,10422
2024-01-02,2317,20339186,2128017722,104.5,105.0,104.0,105.0,0.5,8860
2024-01-03,2317,19284338,2012960063,104.5,105.0,104.0,104.5,-0.5,7777
2024-01-04,2317,15626821,1630513586,104.5,105.0,104.0,104.0,-0.5,6666
2024-01-05,2317,13458610,1401623876,104.0,104.5,104.0,104.0,0.0,7991
2024-01-08,2317,35053132,3594588454,103.5,104.0,101.5,101.5,-2.5,20103
2024-01-09,2317,25951574,2631608130,102.0,102.5,101.0,101.0,-0.5,14140
2024-01-10,2317,23473035,2358632814,101.0,101.5,100.0,100.0,-1.0,17069
2024-01-11,2317,34911583,3504250726,100.0,102.0,99.7,100.5,0.5,17009
2024-01-12,2317,29378104,2954863822,100.0,101.5,100.0,100.5,0.0,13960
2024-01-15,2317,22849994,2292819409,101.0,101.5,100.0,100.0,-0.5,14482
2024-01-16,2317,26322401,2630507690,99.8,100.5,99.3,100.0,0.0,13748
2024-01-17,2317,48863335,4847251358,99.8,100.0,98.5,98.6,-1.4,40296
2024-01-18,2317,18285961,1820209756,99.0,100.0,98.9,99.9,1.3,9853
2024-01-19,2317,16535880,1658760739,100.0,101.0,100.0,100.5,0.6,7804
2024-01-22,2317,23125015,2315424649,100.5,101.0,99.9,99.9,-0.6,11986
2024-01-23,2317,19081079,1922295589,100.0,101.5,99.9,101.0,1.1,7308
2024-01-24,2317,13279806,1338933642,101.0,101.5,100.5,100.5,-0.5,7853
2024-01-25,2317,24411257,2481788550,101.0,102.0,100.5,102.0,1.5,11459
2024-01-26,2317,26269872,2697725913,102.0,103.5,102.0,102.5,0.5,11872
2024-01-29,2317,16486936,1692279578,102.5,103.0,102.0,102.5,0.0,8333
2024-01-30,2317,17948156,1835704156,102.5,103.0,102.0,102.0,-0.5,8470
2024-01-31,2317,18670512,1908083358,102.0,102.5,101.5,102.5,0.5,8431
2024-02-01,2317,15011693,1538413859,102.5,103.0,102.0,103.0,0.5,7699
2024-02-02,2317,17360028,1769947561,102.5,103.0,101.5,102.0,-1.0,9502
2024-02-05,2317,17589601,1785655319,101.5,102.0,101.0,101.5,-0.5,8261
2024-02-15,2317,28273526,2866994311,101.5,102.0,101.0,101.0,-0.5,14939
2024-02-16,2317,36916925,3733038587,101.0,101.5,100.5,101.5,0.5,12607
2024-02-19,2317,25690866,2629333173,101.5,103.0,101.0,103.0,1.5,13906
2024-02-20,2317,39677541,4120188412,103.5,104.5,103.0,103.5,0.5,15466
2024-02-21,2317,18655698,1927413724,103.5,104.0,103.0,103.0,-0.5,8714
2024-02-22,2317,20473149,2115169994,103.5,104.0,103.0,103.5,0.5,7952
2024-02-23,2317,17387814,1795917981,103.5,104.0,103.0,103.0,-0.5,8781
2024-02-26,2317,20262550,2097770991,103.0,104.0,103.0,103.5,0.5,9149
2024-02-27,2317,29154596,3020731690,104.0,104.5,103.0,103.5,0.0,11029
2024-02-29,2317,39113569,4033382050,103.0,103.5,103.0,103.0,-0.5,12345
2024-03-01,2317,28288633,2907270754,103.0,103.5,102.0,102.0,-1.0,11037
2024-03-04,2317,107381334,11281294815,102.5,107.0,102.5,106.5,4.5,44548
2024-03-05,2317,75946177,8154265909,107.0,108.5,106.5,106.5,0.0,29230
2024-03-06,2317,40719766,4332592128,106.0,107.5,105.5,106.5,0.0,17135
2024-03-07,2317,48017303,5170730400,108.0,108.5,107.0,107.5,1.0,19427
2024-03-08,2317,69726404,7414600307,107.5,108.5,104.5,105.0,-2.5,26940
2024-03-11,2317,140871436,15354598565,105.0,111.5,105.0,109.5,4.5,58916
2024-03-12,2317,351300080,40666691799,111.5,119.0,111.5,119.0,9.5,142023
2024-03-13,2317,345545874,41695955256,121.5,123.5,118.0,120.5,1.5,127032
2024-03-14,2317,197698899,23658016973,121.0,121.5,117.0,121.0,0.5,59679
2024-03-15,2317,407962863,53340909160,128.0,133.0,127.0,132.0,11.0,150839
2024-03-18,2317,241783637,32315657361,133.0,137.0,131.5,136.0,4.0,102089
2024-03-19,2317,173862333,23278131149,133.0,136.0,130.0,136.0,0.0,71019
2024-03-20,2317,206917477,28683832198,136.5,142.0,135.5,138.0,2.0,85273
2024-03-21,2317,185853649,26387734222,141.0,145.0,139.0,142.5,4.5,79200
2024-03-22,2317,240446038,34947728098,144.0,148.5,142.0,145.5,3.0,115706
2024-03-25,2317,146548712,21334826225,147.0,147.5,143.0,145.5,0.0,59987
2024-03-26,2317,183134455,26273764855,146.0,147.0,139.0,142.0,-3.5,83230
2024-03-27,2317,147441892,21585196958,143.0,150.0,143.0,148.5,6.5,70894
2024-03-28,2317,200955134,30872961740,150.5,157.0,150.0,155.5,7.0,95738
2024-03-29,2317,154117085,23632502947,157.0,157.5,150.0,150.0,-5.5,97343
2024-04-01,2317,78537153,11925127763,151.0,154.5,150.0,150.5,0.5,42398
2024-04-02,2317,180494521,28086273426,152.0,159.5,151.0,159.0,8.5,80443
2024-04-03,2317,142522729,22371497644,156.0,159.0,155.0,159.0,0.0,63209
2024-04-08,2317,109070055,17246511925,159.0,160.0,156.5,158.0,-1.0,47875
2024-04-09,2317,102584375,16273584213,158.5,161.5,155.5,158.0,0.0,56349
2024-04-10,2317,98947805,15448179471,159.0,160.0,154.0,154.5,-3.5,55685
2024-04-11,2317,174128794,26094065300,153.0,153.5,147.0,150.0,-4.5,98358
2024-04-12,2317,118079241,17853619777,151.0,153.5,148.5,150.5,0.5,48466
2024-04-15,2317,113282549,16647693899,148.5,150.0,144.5,146.0,-4.5,62507
2024-04-16,2317,177628458,24873995882,142.5,143.0,137.5,141.0,-5.0,88723
2024-04-17,2317,105843742,15332678859,143.0,147.5,141.0,146.5,5.5,51481
2024-04-18,2317,76071986,11198695942,144.5,148.5,144.5,148.0,1.5,35021
2024-04-19,2317,133862460,19138041136,146.0,147.5,140.0,143.0,-5.0,70725
2024-04-22,2317,71622415,10254949481,141.5,145.5,141.5,143.0,0.0,34393
2024-04-23,2317,68570312,9926746521,145.5,146.5,143.5,144.0,1.0,26841
2024-04-24,2317,193442337,29479331645,147.5,157.0,146.5,156.0,12.0,86029
2024-04-25,2317,109088390,16645440545,153.0,154.5,151.0,151.5,-4.5,58725
2024-04-26,2317,100344911,15645735231,156.5,158.0,154.0,155.0,3.5,46551
2024-04-29,2317,99096768,15720358140,157.0,161.0,156.0,158.5,3.5,51528
2024-04-30,2317,73433543,11579053739,159.5,161.0,156.0,156.0,-2.5,39006
2024-05-02,2317,67513806,10356048901,153.5,155.0,152.0,154.0,-2.0,30879
2024-05-03,2317,68197928,10731628875,157.5,159.0,156.0,156.0,2.0,30929
2024-05-06,2317,179516827,29682254035,161.5,168.5,161.0,167.5,11.5,103277
2024-05-07,2317,126287105,21356710345,169.5,171.0,166.5,169.5,2.0,72560
2024-05-08,2317,78084583,13254161269,168.5,171.5,168.0,169.5,0.0,44087
2024-05-09,2317,114983332,19833371468,169.5,175.0,169.5,170.5,1.0,62224
2024-05-10,2317,85310403,14450512084,171.5,172.0,167.0,169.5,-1.0,47274
2024-05-13,2317,78843674,13484783543,171.0,173.0,169.0,169.5,0.0,44491
2024-05-14,2317,125671087,21512647061,170.0,175.0,168.0,172.0,2.5,63359
2024-05-15,2317,156608812,26587852187,168.0,174.0,165.5,170.5,-1.5,86077
2024-05-16,2317,151581757,26534649671,175.0,179.0,170.5,171.5,1.0,78824
2024-05-17,2317,89280668,15170624052,173.0,173.0,167.0,170.0,-1.5,69059
2024-05-20,2317,75406063,12652387586,170.0,170.5,166.0,167.5,-2.5,58491
2024-05-21,2317,47272089,7876646755,166.0,168.5,165.5,166.0,-1.5,33570
2024-05-22,2317,55692866,9402953187,166.0,170.5,166.0,169.0,3.0,32413
2024-05-23,2317,84761305,14609041232,173.5,174.0,169.5,173.0,4.0,44857
2024-05-24,2317,72217014,12590363373,172.0,176.0,171.0,176.0,3.0,46278
2024-05-27,2317,115328484,21133969515,179.0,185.0,178.5,185.0,9.0,82407
2024-05-28,2317,71081551,13140134110,185.5,186.0,183.5,185.5,0.5,71106
2024-05-29,2317,79257473,14466097397,185.5,186.0,180.5,180.5,-5.0,58857
2024-05-30,2317,80629020,14299977466,177.0,179.5,176.0,176.5,-4.0,61089
2024-05-31,2317,150789406,26271213387,177.0,179.0,172.0,172.0,-4.5,83966
2024-06-03,2317,90323078,15969599627,177.0,179.5,174.5,176.5,4.5,53352
2024-06-04,2317,104412410,18008953714,175.0,176.5,170.0,171.0,-5.5,78780
2024-06-05,2317,118643822,20674659753,171.0,178.0,168.5,175.5,4.5,66524
2024-06-06,2317,122671053,22094756570,181.5,183.0,177.5,177.5,2.0,78146
2024-06-07,2317,56520045,10049044147,177.5,180.0,176.5,177.5,0.0,43159
2024-06-11,2317,85329821,15338544528,179.0,181.5,177.5,180.5,3.0,38710
2024-06-12,2317,126289783,23393538750,184.0,188.0,182.5,187.5,7.0,73072
2024-06-13,2317,148512198,28450483573,191.0,195.0,188.0,192.0,4.5,101895
2024-06-14,2317,125211164,24479589921,192.5,198.5,191.0,198.0,6.0,75673
2024-06-17,2317,90945035,17988971061,197.5,200.0,195.0,200.0,2.0,59920
2024-06-18,2317,93439720,18599886778,200.5,201.0,197.0,198.5,-1.5,65645
2024-06-19,2317,176031571,36081706615,200.0,208.0,199.5,203.0,4.5,107041
2024-06-20,2317,180562091,38133209814,205.0,217.5,203.5,217.5,14.5,104422
2024-06-21,2317,174076905,37127696834,211.0,217.5,211.0,212.0,-5.5,97392
2024-06-24,2317,109548050,22653801367,209.5,210.0,205.0,206.0,-6.0,82746
2024-06-25,2317,121206515,25045108196,203.0,212.0,201.0,211.0,5.0,70769
2024-06-26,2317,110939569,23499859690,211.5,215.5,210.0,210.0,-1.0,63281
2024-06-27,2317,85520365,18119649387,208.0,214.5,207.5,212.5,2.5,45667
2024-06-28,2317,76615716,16423256571,214.0,216.0,212.5,214.0,1.5,42916
2024-07-01,2317,74505315,16078735485,215.0,217.0,214.5,216.0,2.0,43491
2024-07-02,2317,147154898,30602743184,212.0,213.0,203.0,204.5,0.0,128721
2024-07-03,2317,77916135,15974048414,205.0,208.0,203.0,203.0,-1.5,67881
2024-07-04,2317,112375851,23865052729,208.0,215.0,207.5,214.5,11.5,73515
2024-07-05,2317,44877435,9608898174,214.0,215.5,212.5,214.5,0.0,44283
2024-07-08,2317,116266597,25999507999,217.0,226.5,216.5,226.5,12.0,81632
2024-07-09,2317,140667212,31972261941,226.5,234.5,220.5,225.5,-1.0,110588
2024-07-10,2317,72345924,16175517511,225.5,226.0,220.5,223.5,-2.0,59377
2024-07-11,2317,66478277,15013634144,226.5,229.0,224.0,225.5,2.0,44786
2024-07-12,2317,145211899,31540686831,219.0,221.0,214.0,216.0,-9.5,148848
2024-07-15,2317,53360233,11564701198,216.5,219.0,214.5,216.5,0.5,40212
2024-07-16,2317,84353418,18071422075,216.5,217.5,212.5,213.0,-3.5,69899
2024-07-17,2317,76957900,16434832998,213.0,217.5,211.5,212.0,-1.0,54093
2024-07-18,2317,136319692,27955662427,206.0,209.0,203.0,204.0,-8.0,126875
2024-07-19,2317,92595590,18698864046,200.5,204.0,200.0,204.0,0.0,74087
2024-07-22,2317,162437272,31663789302,203.0,204.0,191.0,192.5,-11.5,138256
2024-07-23,2317,86260900,17207851304,198.5,201.5,197.0,201.5,9.0,60728
2024-07-26,2317,105379193,20201830838,190.0,194.0,188.5,192.0,-9.5,97070
2024-07-29,2317,59992669,11633485095,196.0,197.0,192.0,193.0,1.0,40921
2024-07-30,2317,56000732,10814583971,190.5,197.0,189.0,196.0,3.0,40850
2024-07-31,2317,78102814,15516769258,194.5,202.0,194.0,198.0,2.0,44998
2024-08-01,2317,71018214,14415202229,205.0,205.5,200.5,202.5,4.5,41705
2024-08-02,2317,180006074,34309570053,192.5,194.5,185.5,186.5,-16.0,180226
2024-08-05,2317,235984497,39931952149,169.5,172.5,168.0,168.0,-18.5,180467
2024-08-06,2317,312722064,52502900780,173.5,175.0,160.0,167.5,-0.5,169366
2024-08-07,2317,172980115,29614701438,169.0,175.0,168.0,170.5,3.0,106835
2024-08-08,2317,175362627,28738573698,163.5,166.5,161.0,163.5,-7.0,124274
2024-08-09,2317,138560409,23576514546,170.0,172.0,168.0,168.5,5.0,77924
2024-08-12,2317,116336000,20471799850,172.0,179.0,171.5,176.0,7.5,73217
2024-08-13,2317,117511594,21246757812,180.0,183.0,178.0,181.0,5.0,74230
2024-08-14,2317,99284664,18403713063,186.0,187.0,183.5,185.5,4.5,58594
2024-08-15,2317,85168990,15597220467,185.5,186.0,181.0,181.0,-4.5,69384
2024-08-16,2317,73463052,13598937157,186.0,187.0,183.0,184.0,3.0,49246
2024-08-19,2317,58296324,10895078643,185.0,188.0,184.5,187.0,3.0,41243
2024-08-20,2317,85359040,16073514773,189.5,191.0,186.0,186.5,-0.5,60468
2024-08-21,2317,73330894,13472333866,185.0,186.0,181.5,183.5,-3.0,59842
2024-08-22,2317,74784164,13506319190,184.0,185.0,179.0,179.5,-4.0,64888
2024-08-23,2317,50027162,8912666314,176.0,181.0,175.0,180.0,0.5,41328
2024-08-26,2317,42914990,7848485950,182.0,185.0,180.5,182.0,2.0,32596
2024-08-27,2317,28579088,5157009913,181.5,182.0,179.0,180.5,-1.5,32152
2024-08-28,2317,60573731,11100743471,181.0,186.0,179.5,185.5,5.0,40669
2024-08-29,2317,58392678,10641492477,180.5,185.5,180.0,184.5,-1.0,41615
2024-08-30,2317,55298840,10204591983,185.0,186.0,183.5,184.5,0.0,25936
2024-09-02,2317,36343903,6688191942,185.5,187.0,182.0,183.0,-1.5,26722
2024-09-03,2317,52160276,9664621237,184.0,187.0,183.0,185.0,2.0,30186
2024-09-04,2317,126923199,22545752187,175.0,181.0,172.0,179.5,-5.5,88719
2024-09-05,2317,77629690,13796237402,180.0,181.0,175.0,175.0,-4.5,72711
2024-09-06,2317,39222622,6922689688,175.5,178.0,175.0,176.5,1.5,28471
2024-09-09,2317,68938987,11869037943,172.0,174.0,170.5,172.0,-4.5,63220
2024-09-10,2317,92555358,15703874968,173.5,174.0,167.5,169.0,-3.0,78401
2024-09-11,2317,29538055,5032175690,170.0,172.0,169.5,169.5,0.5,20075
2024-09-12,2317,53142993,9359414247,174.5,177.5,174.0,177.5,8.0,39767
2024-09-13,2317,37100441,6557941556,179.0,179.5,175.0,176.0,-1.5,27286
2024-09-16,2317,54484267,9745444472,177.0,182.0,175.0,181.0,5.0,34487
2024-09-18,2317,78892097,13867710200,179.0,179.5,173.5,174.0,-7.0,72219
2024-09-19,2317,41818994,7338504656,174.5,176.5,173.0,176.5,2.5,24742
2024-09-20,2317,82199775,14730717699,180.0,182.0,177.0,177.0,0.5,39913
2024-09-23,2317,30951518,5552858366,178.0,180.5,177.5,180.0,3.0,26766
2024-09-24,2317,57714716,10452057970,179.0,184.0,178.0,183.0,3.0,38239
2024-09-25,2317,119878344,22641200780,186.5,191.0,186.0,188.5,5.5,81722
2024-09-26,2317,66162758,12583833926,192.0,193.0,188.5,189.5,1.0,64179
2024-09-27,2317,69739488,13370192685,192.0,194.0,190.0,191.0,1.5,57434
2024-09-30,2317,64605410,12219149922,190.0,191.0,187.5,187.5,-3.5,76067
2024-10-01,2317,36339680,6812209357,189.0,190.0,185.5,187.0,-0.5,33125
2024-10-04,2317,118705879,22937372648,188.0,196.5,188.0,194.0,7.0,71996
2024-10-07,2317,84399003,16617477858,199.0,199.0,195.0,197.5,3.5,83028
2024-10-08,2317,56919495,11111098449,197.0,197.5,194.0,194.0,-3.5,41542
2024-10-09,2317,84123315,16699561256,198.0,200.0,197.0,199.0,5.0,52273
2024-10-11,2317,71856959,14407126388,200.0,202.0,199.0,200.0,1.0,61591
2024-10-14,2317,36897701,7314343806,200.0,200.0,196.5,199.0,-1.0,30561
2024-10-15,2317,129198222,26474993881,201.0,207.5,200.5,207.0,8.0,82815
2024-10-16,2317,99708717,20478795445,204.0,207.5,203.5,205.0,-2.0,61667
2024-10-17,2317,66198561,13716403160,207.5,209.0,204.0,208.5,3.5,42868
2024-10-18,2317,107497437,22496182726,210.0,211.0,207.0,207.5,-1.0,63732
2024-10-21,2317,59461934,12553871788,210.0,213.5,209.0,210.0,2.5,42327
2024-10-22,2317,94132714,20135549269,211.0,216.0,209.0,215.5,5.5,63914
2024-10-23,2317,51836095,11146585671,214.5,217.0,213.0,216.0,0.5,52331
2024-10-24,2317,80712284,17138812263,215.0,215.5,210.0,211.5,-4.5,77588
2024-10-25,2317,49896574,10691350004,212.5,216.0,212.0,216.0,4.5,35110
2024-10-28,2317,96697162,21028802878,218.5,221.5,214.0,215.0,-1.0,65676
2024-10-29,2317,87991240,18457446806,213.0,213.0,207.0,209.5,-5.5,91406
2024-10-30,2317,68400059,14511199772,209.5,215.5,209.0,211.5,2.0,46335
2024-11-01,2317,89610123,18433074201,202.0,208.5,201.5,208.0,-3.5,80888
2024-11-04,2317,58094813,12294890607,209.0,214.0,208.0,214.0,6.0,39861
2024-11-05,2317,43852449,9367062523,212.0,215.5,211.0,214.0,0.0,38403
2024-11-06,2317,67838254,14573660427,215.0,217.0,212.5,213.5,-0.5,45706
2024-11-07,2317,77417403,16779105487,212.0,219.0,212.0,217.0,3.5,53480
2024-11-08,2317,54800994,11986609909,219.5,220.0,217.5,218.0,1.0,51977
2024-11-11,2317,42180625,9234072034,219.5,220.0,217.5,220.0,2.0,31177
2024-11-12,2317,69315077,14949730622,217.5,218.5,214.0,214.0,-6.0,57578
2024-11-13,2317,55926693,11973365753,212.5,216.5,212.5,214.5,0.5,36731
2024-11-14,2317,72322171,15335395727,215.0,215.5,209.0,211.5,-3.0,55336
2024-11-15,2317,102463857,21409852373,212.0,214.5,206.0,207.0,-4.5,90848
2024-11-18,2317,61852042,12613633700,205.0,208.0,202.0,202.5,-4.5,63316
2024-11-19,2317,60416837,12275277231,203.5,205.0,201.0,203.5,1.0,45425
2024-11-20,2317,44351353,9149397305,206.5,208.5,205.0,206.0,2.5,30182
2024-11-21,2317,50295948,10213455556,205.0,205.0,202.0,202.5,-3.5,40002
2024-11-22,2317,37504512,7668676032,205.5,207.0,203.0,203.0,0.5,27903
2024-11-25,2317,80800240,16909706981,206.0,210.5,205.5,210.5,7.5,32913
2024-11-26,2317,95313693,19363557785,207.0,207.0,202.0,202.5,-8.0,99867
2024-11-27,2317,96019881,19063838432,200.5,201.0,196.5,196.5,-6.0,110119
2024-11-28,2317,58511555,11432751066,196.0,199.0,193.0,195.5,-1.0,58622
2024-11-29,2317,50800936,9954052225,193.5,199.0,192.5,195.5,0.0,37878
2024-12-02,2317,47905269,9428699635,198.5,199.5,195.5,196.0,0.5,41679
2024-12-03,2317,52170125,10312565933,198.5,200.0,196.5,196.5,0.5,47992
2024-12-04,2317,50379504,10055268944,197.5,201.5,197.0,201.0,4.5,32459
2024-12-05,2317,46475440,9319676695,203.0,203.5,199.0,199.0,-2.0,47064
2024-12-06,2317,47526532,9465077239,199.5,201.5,197.5,198.0,-1.0,36972
2024-12-09,2317,41114306,8084426101,198.5,199.0,195.0,195.0,-3.0,55012
2024-12-10,2317,58994150,11375383210,193.0,195.0,192.0,192.0,-3.0,73633
2024-12-11,2317,66246732,12596425979,190.0,194.0,189.0,189.0,-3.0,86964
2024-12-12,2317,50634757,9624979364,190.5,193.0,188.5,188.5,-0.5,51432
2024-12-13,2317,55417050,10371852143,188.5,189.5,185.5,186.5,-2.0,78777
2024-12-16,2317,75228642,13834643194,188.0,189.5,181.5,182.0,-4.5,96744
2024-12-17,2317,55667607,10220503792,181.0,186.0,181.0,183.0,1.0,47278
2024-12-18,2317,47937386,8823563402,183.0,185.5,182.5,184.5,1.5,36056
2024-12-19,2317,65029900,11756961039,181.0,182.0,179.0,181.0,-3.5,68455
2024-12-20,2317,56744328,10296646083,181.0,184.0,180.0,181.0,0.0,33841
2024-12-23,2317,52761423,9808419401,185.0,187.5,184.0,185.5,4.5,37334
2024-12-24,2317,33589660,6258359645,187.5,187.5,185.5,185.5,0.0,29234
2024-12-25,2317,21758176,4062013540,186.5,188.0,186.0,186.5,1.0,18772
2024-12-26,2317,36347153,6835578141,187.5,189.0,187.0,187.5,1.0,26373
2024-12-27,2317,22136195,4128454600,187.5,188.0,185.5,186.5,-1.0,22469
2024-12-30,2317,24531536,4550186856,185.5,187.0,184.5,185.0,-1.5,22906
2024-12-31,2317,22003451,4048043958,184.5,185.0,183.0,184.0,-1.0,24178
